
TOPICS for this 1.05 massive update.
	<!--ladders
			<set xpath="/blocks/block[@name='ladderWood']/property[@class='UpgradeBlock']/property[@name='ItemCount']/@value">10</set>	
			<remove xpath="/blocks/block[@name='ladderMetal']/property[@name='Extends']"/>
			<remove xpath="/blocks/block[@name='ladderMetal']/property[@name='MaxDamage']"/>			
			<append xpath="/blocks/block[@name='ladderMetal']">
					<property name="Material" value="Mmetal_hard"/>
					<property name="CreativeMode" value="None"/>
					<property class="RepairItems"> <property name="resourceForgedIron" value="2"/> </property>
					<drop event="Harvest" name="resourceScrapIron" count="10" tag="allHarvest"/>
					<drop event="Destroy" count="0"/>
					<drop event="Fall" name="scrapMetalPile" count="1" prob="0.6" stick_chance="1"/>
			</append>
			<set xpath="/blocks/block[@name='ladderMetal']/property[@class='UpgradeBlock']/property[@name='ItemCount']/@value">10</set>
			<remove xpath="/blocks/block[@name='ladderSteel']/property[@name='MaxDamage']"/>
	-->
<!--idea that I didn't stick with-->
<append xpath="/blocks">
		<block name="flagstoneBlockVariantHelperBasic">
			<property name="Extends" value="flagstoneBlock"/>
			<property name="CustomIcon" value="flagstoneBlock"/><property name="CustomIconTint" value="315DCE"/>
			<property name="CreativeMode" value="Player"/>
			<property name="DescriptionKey" value="blockVariantHelperGroupDesc"/>
			<property name="ItemTypeIcon" value="all_blocks"/>
			<property name="SelectAlternates" value="true"/>
			<property name="PlaceAltBlockValue" value="flagstoneBlock,flagstoneRamp,flagstoneCNRFull,flagstoneCNRInside,flagstoneCNRRampFiller,flagstoneHalf,flagstoneHalfCentered,flagstoneWedge,flagstoneWedgeTip,flagstoneWedgeTipCNRFullTop,flagstoneWedgeTipCNRFullBottom,flagstoneWedgeCNRInsideTop,flagstoneWedgeCNRInsideBottom,flagstoneWedgeNarrowHigh,flagstoneWedgeNarrowMid,flagstoneWedgeNarrowLow,flagstoneWedgeNarrowTip,flagstoneStairs25,flagstoneStairsFilledRailingLeft,flagstoneStairsFilledRailingRight,flagstoneStairs25CornerCNR,flagstonePole,flagstoneCTRpole,flagstoneCTRQuarter,flagstoneQuarter,flagstonePillar50,flagstonePillar50CNR,flagstonePillar100,flagstoneCTRPlate,flagstonePlate"/>
		</block>
		<block name="pouredConcreteBlockVariantHelperBasic">
			<property name="Extends" value="concreteBlock"/>
			<property name="CustomIcon" value="pouredConcreteBlock"/><property name="CustomIconTint" value="315DCE"/>
			<property name="CreativeMode" value="Player"/>
			<property name="DescriptionKey" value="blockVariantHelperGroupDesc"/>
			<property name="ItemTypeIcon" value="all_blocks"/>
			<property name="SelectAlternates" value="true"/>
			<property name="PlaceAltBlockValue" value="pouredConcreteBlock,pouredConcreteRamp,pouredConcreteCNRFull,pouredConcreteCNRInside,pouredConcreteCNRRampFiller,pouredConcreteHalf,pouredConcreteHalfCentered,pouredConcreteWedge,pouredConcreteWedgeTip,pouredConcreteWedgeTipCNRFullTop,pouredConcreteWedgeTipCNRFullBottom,pouredConcreteWedgeCNRInsideTop,pouredConcreteWedgeCNRInsideBottom,pouredConcreteWedgeNarrowHigh,pouredConcreteWedgeNarrowMid,pouredConcreteWedgeNarrowLow,pouredConcreteWedgeNarrowTip,pouredConcreteStairs25,pouredConcreteStairsFilledRailingLeft,pouredConcreteStairsFilledRailingRight,pouredConcreteStairs25CornerCNR,pouredConcretePole,pouredConcreteCTRpole,pouredConcreteCTRQuarter,pouredConcreteQuarter,pouredConcretePillar50,pouredConcretePillar50CNR,pouredConcretePillar100,pouredConcreteCTRPlate,pouredConcretePlate"/>
		</block>
		<block name="rebarFrameBlockVariantHelperBasic">
			<property name="Extends" value="rebarFrameBlock"/>
			<property name="CustomIcon" value="rebarFrameBlock"/><property name="CustomIconTint" value="315DCE"/>
			<property name="CreativeMode" value="Player"/>
			<property name="DescriptionKey" value="blockVariantHelperGroupDesc"/>
			<property name="ItemTypeIcon" value="all_blocks"/>
			<property name="SelectAlternates" value="true"/>
			<property name="PlaceAltBlockValue" value="rebarFrameBlock,rebarFrameRamp,rebarFrameCNRFull,rebarFrameCNRInside,rebarFrameCNRRampFiller,rebarFrameHalf,rebarFrameHalfCentered,rebarFrameWedge,rebarFrameWedgeTip,rebarFrameWedgeTipCNRFullTop,rebarFrameWedgeTipCNRFullBottom,rebarFrameWedgeCNRInsideTop,rebarFrameWedgeCNRInsideBottom,rebarFrameWedgeNarrowHigh,rebarFrameWedgeNarrowMid,rebarFrameWedgeNarrowLow,rebarFrameWedgeNarrowTip,rebarFrameStairs25,rebarFrameStairsFilledRailingLeft,rebarFrameStairsFilledRailingRight,rebarFrameStairs25CornerCNR,rebarFramePole,rebarFrameCTRpole,rebarFrameCTRQuarter,rebarFrameQuarter,rebarFramePillar50,rebarFramePillar50CNR,rebarFramePillar100,rebarFrameCTRPlate,rebarFramePlate"/>
		</block>
		<block name="scrapIronFrameBlockVariantHelperBasic">
			<property name="Extends" value="scrapIronFrameBlock"/>
			<property name="CustomIcon" value="scrapIronFrameBlock"/><property name="CustomIconTint" value="315DCE"/>
			<property name="CreativeMode" value="Player"/>
			<property name="DescriptionKey" value="blockVariantHelperGroupDesc"/>
			<property name="ItemTypeIcon" value="all_blocks"/>
			<property name="SelectAlternates" value="true"/>
			<property name="PlaceAltBlockValue" value="scrapIronFrameBlock,scrapIronFrameRamp,scrapIronFrameCNRFull,scrapIronFrameCNRInside,scrapIronFrameCNRRampFiller,scrapIronFrameHalf,scrapIronFrameHalfCentered,scrapIronFrameWedge,scrapIronFrameWedgeTip,scrapIronFrameWedgeTipCNRFullTop,scrapIronFrameWedgeTipCNRFullBottom,scrapIronFrameWedgeCNRInsideTop,scrapIronFrameWedgeCNRInsideBottom,scrapIronFrameWedgeNarrowHigh,scrapIronFrameWedgeNarrowMid,scrapIronFrameWedgeNarrowLow,scrapIronFrameWedgeNarrowTip,scrapIronFrameStairs25,scrapIronFrameStairsFilledRailingLeft,scrapIronFrameStairsFilledRailingRight,scrapIronFrameStairs25CornerCNR,scrapIronFramePole,scrapIronFrameCTRpole,scrapIronFrameCTRQuarter,scrapIronFrameQuarter,scrapIronFramePillar50,scrapIronFramePillar50CNR,scrapIronFramePillar100,scrapIronFrameCTRPlate,scrapIronFramePlate"/>
		</block>
		<block name="woodFrameBlockVariantHelperBasic">
			<property name="Extends" value="woodFrameBlock"/>
			<property name="CustomIcon" value="woodFrameBlock"/><property name="CustomIconTint" value="315DCE"/>
			<property name="CreativeMode" value="Player"/>
			<property name="DescriptionKey" value="blockVariantHelperGroupDesc"/>
			<property name="ItemTypeIcon" value="all_blocks"/>
			<property name="SelectAlternates" value="true"/>
			<property name="PlaceAltBlockValue" value="woodFrameBlock,woodFrameRamp,woodFrameCNRFull,woodFrameCNRInside,woodFrameCNRRampFiller,woodFrameHalf,woodFrameHalfCentered,woodFrameWedge,woodFrameWedgeTip,woodFrameWedgeTipCNRFullTop,woodFrameWedgeTipCNRFullBottom,woodFrameWedgeCNRInsideTop,woodFrameWedgeCNRInsideBottom,woodFrameWedgeNarrowHigh,woodFrameWedgeNarrowMid,woodFrameWedgeNarrowLow,woodFrameWedgeNarrowTip,woodFrameStairs25,woodFrameStairsFilledRailingLeft,woodFrameStairsFilledRailingRight,woodFrameStairs25CornerCNR,woodFramePole,woodFrameCTRpole,woodFrameCTRQuarter,woodFrameQuarter,woodFramePillar50,woodFramePillar50CNR,woodFramePillar100,woodFrameCTRPlate,woodFramePlate"/>
			<property name="Group" value="Basics,Building,advBuilding"/>
			<property name="PickupJournalEntry" value="shapeMenuTip"/>
		</block>
		<block name="glassBulletproofBlockVariantHelperBasic">
			<property name="Extends" value="glassBulletproofCTRPlate"/>
			<property name="CustomIcon" value="glassBulletproofCTRPlate"/><property name="CustomIconTint" value="315DCE"/>
			<property name="CreativeMode" value="Player"/>
			<property name="DescriptionKey" value="blockVariantHelperGroupDesc"/>
			<property name="ItemTypeIcon" value="all_blocks"/>
			<property name="SelectAlternates" value="true"/>
			<property name="PlaceAltBlockValue" value="glassBulletproofBlock,glassBulletproofRamp,glassBulletproofCNRFull,glassBulletproofCNRInside,glassBulletproofCNRRampFiller,glassBulletproofHalf,glassBulletproofHalfCentered,glassBulletproofWedge,glassBulletproofWedgeTip,glassBulletproofWedgeTipCNRFullTop,glassBulletproofWedgeTipCNRFullBottom,glassBulletproofWedgeCNRInsideTop,glassBulletproofWedgeCNRInsideBottom,glassBulletproofWedgeNarrowHigh,glassBulletproofWedgeNarrowMid,glassBulletproofWedgeNarrowLow,glassBulletproofWedgeNarrowTip,glassBulletproofStairs25,glassBulletproofStairsFilledRailingLeft,glassBulletproofStairsFilledRailingRight,glassBulletproofStairs25CornerCNR,glassBulletproofPole,glassBulletproofCTRpole,glassBulletproofCTRQuarter,glassBulletproofQuarter,glassBulletproofPillar50,glassBulletproofPillar50CNR,glassBulletproofPillar100,glassBulletproofCTRPlate,glassBulletproofPlate"/>
			<property name="Stacknumber" value="200"/>
		</block>
	</append>
<append xpath="/recipes">
	<recipe name="woodFrameBlockVariantHelperBasic" count="1" craft_time="0" >
		<ingredient name="woodFrameBlockVariantHelper" count="1"/></recipe>
	<recipe name="woodFrameBlockVariantHelper" count="1" craft_time="0" >
		<ingredient name="woodFrameBlockVariantHelperBasic" count="1"/></recipe>
	
	<recipe name="flagstoneBlockVariantHelperBasic" count="1" craft_time="0" >
		<ingredient name="flagstoneBlockVariantHelper" count="1"/></recipe>
	<recipe name="flagstoneBlockVariantHelper" count="1" craft_time="0" >
		<ingredient name="flagstoneBlockVariantHelperBasic" count="1"/></recipe>

	<recipe name="pouredConcreteBlockVariantHelperBasic" count="1" craft_time="0" >
		<ingredient name="pouredConcreteBlockVariantHelper" count="1"/></recipe>
	<recipe name="pouredConcreteBlockVariantHelper" count="1" craft_time="0" >
		<ingredient name="pouredConcreteBlockVariantHelperBasic" count="1"/></recipe>

	<recipe name="rebarFrameBlockVariantHelperBasic" count="1" craft_time="0" >
		<ingredient name="rebarFrameBlockVariantHelper" count="1"/></recipe>
	<recipe name="rebarFrameBlockVariantHelper" count="1" craft_time="0" >
		<ingredient name="rebarFrameBlockVariantHelperBasic" count="1"/></recipe>

	<recipe name="scrapIronFrameBlockVariantHelperBasic" count="1" craft_time="0" >
		<ingredient name="scrapIronFrameBlockVariantHelper" count="1"/></recipe>
	<recipe name="scrapIronFrameBlockVariantHelper" count="1" craft_time="0" >
		<ingredient name="scrapIronFrameBlockVariantHelperBasic" count="1"/></recipe>

	<recipe name="glassBulletproofBlockVariantHelperBasic" count="1" craft_time="0" >
		<ingredient name="glassBulletproofBlockVariantHelper" count="1"/></recipe>
	<recipe name="glassBulletproofBlockVariantHelper" count="1" craft_time="0" >
		<ingredient name="glassBulletproofBlockVariantHelperBasic" count="1"/></recipe>	
</append>


-whatever i'm going to do with the railings, trussings, bars, etc.



Template for the REBAR and GLASS
<!--TEMPLATE ORDER MATTERS!-->
		<append xpath="/blocks"> 
			<block name="rebarFrameTEMPLATE">
				<property name="Extends" value="rebarFrameMaster"/>
				<property name="CustomIcon" value="woodTEMPLATE"/>	<property name="CustomIconTint" value="474f63"/>
				<property name="CreativeMode" value="Player"/>
				<property name="Shape" value="New"/>
				<property name="Model" value="modeltemp"/>
				<property name="SortOrder2" value="0150"/>
				<property class="UpgradeBlock"> <property name="ToBlock" value="pouredRConcreteTEMPLATE"/> </property>
			</block>
			<block name="glassTEMPLATE">
				<property name="Extends" value="glassMaster"/>
				<property name="CustomIcon" value="woodTEMPLATE"/>	<property name="CustomIconTint" value="68def2"/>
				<property name="CreativeMode" value="Player"/>
				<property name="Shape" value="New"/>
				<property name="Model" value="modeltemp"/>
				<property name="SortOrder2" value="0150"/>
				<property class="UpgradeBlock"> <property name="ToBlock" value="glassBulletproofTEMPLATE"/> </property>
			</block>
			<block name="glassBulletproofTEMPLATE">
				<property name="Extends" value="glassBulletproofMaster"/>
				<property name="CustomIcon" value="woodTEMPLATE"/>	<property name="CustomIconTint" value="23707d"/>
				<property name="CreativeMode" value="Player"/>
				<property name="Shape" value="New"/>
				<property name="Model" value="modeltemp"/>
				<property name="ImposterExchange" value="imposterBlock" param1="170"/>
				<property name="SortOrder2" value="0150"/>
			</block>
		</append>
		<!--end TEMPLATE-->





THIS TEMPLATE IS FOR MAKING SURE EXISTING BLOCKS ARE AVAILABLE IN VARIANT FORMS
<!--TEMPLATE ORDER MATTERS!-->
		<append xpath="/blocks"> 
			<block name="pouredConcreteTEMPLATE">
				<property name="Extends" value="pouredConcreteMaster"/>
				<property name="CustomIcon" value="woodTEMPLATE"/>	<property name="CustomIconTint" value="000000"/>
				<property name="CreativeMode" value="Player"/>
				<property name="Shape" value="New"/>
				<property name="Model" value="modeltemp"/>
				<property name="SortOrder2" value="0150"/>
				<property name="UpgradeRated.ToBlock" value="concreteTEMPLATE"/>
			</block>	
			<block name="woodFrameTEMPLATE">
				<property name="Extends" value="woodFrameMaster"/>
				<property name="CustomIcon" value="woodTEMPLATE"/>	<property name="CustomIconTint" value="d9d58d"/>
				<property name="CreativeMode" value="Player"/>
				<property name="Shape" value="New"/>
				<property name="Model" value="modeltemp"/>
				<property name="SortOrder2" value="0150"/>
				<property class="UpgradeBlock"> <property name="ToBlock" value="woodTEMPLATE"/> </property>
			</block>
			<block name="scrapIronFrameTEMPLATE">
				<property name="Extends" value="scrapIronFrameMaster"/>
				<property name="CustomIcon" value="woodTEMPLATE"/>	<property name="CustomIconTint" value="839ec7"/>
				<property name="CreativeMode" value="Player"/>
				<property name="Shape" value="New"/>
				<property name="Model" value="modeltemp"/>
				<property name="SortOrder2" value="0150"/>
				<property class="UpgradeBlock"> <property name="ToBlock" value="scrapIronTEMPLATE"/> </property>
			</block>
			<block name="flagstoneTEMPLATE">
				<property name="Extends" value="flagstoneMaster"/>
				<property name="CustomIcon" value="woodTEMPLATE"/>	<property name="CustomIconTint" value="ff5900"/>
				<property name="CreativeMode" value="Player"/>
				<property name="Shape" value="New"/>
				<property name="Model" value="modeltemp"/>
				<property name="SortOrder2" value="0150"/>
				<property class="UpgradeBlock"> <property name="ToBlock" value="cobblestoneTEMPLATE"/> </property>
			</block>
			<block name="rebarFrameTEMPLATE">
				<property name="Extends" value="rebarFrameMaster"/>
				<property name="CustomIcon" value="woodTEMPLATE"/>	<property name="CustomIconTint" value="474f63"/>
				<property name="CreativeMode" value="Player"/>
				<property name="Shape" value="New"/>
				<property name="Model" value="modeltemp"/>
				<property name="SortOrder2" value="0150"/>
				<property class="UpgradeBlock"> <property name="ToBlock" value="pouredRConcreteTEMPLATE"/> </property>
			</block>
			<block name="glassTEMPLATE">
				<property name="Extends" value="glassMaster"/>
				<property name="CustomIcon" value="woodTEMPLATE"/>	<property name="CustomIconTint" value="68def2"/>
				<property name="CreativeMode" value="Player"/>
				<property name="Shape" value="New"/>
				<property name="Model" value="modeltemp"/>
				<property name="SortOrder2" value="0150"/>
				<property class="UpgradeBlock"> <property name="ToBlock" value="glassBulletproofTEMPLATE"/> </property>
			</block>
			<block name="glassBulletproofTEMPLATE">
				<property name="Extends" value="glassBulletproofMaster"/>
				<property name="CustomIcon" value="woodTEMPLATE"/>	<property name="CustomIconTint" value="23707d"/>
				<property name="CreativeMode" value="Player"/>
				<property name="Shape" value="New"/>
				<property name="Model" value="modeltemp"/>
				<property name="ImposterExchange" value="imposterBlock" param1="170"/>
				<property name="SortOrder2" value="0150"/>
			</block>
		</append>
		<!--end TEMPLATE-->



THIS TEMPLATE IS TO MAKE BLOCKS THAT NEED TO BE ABLE TO UPGRADE TO ALL FORMS
<!--TEMPLATE ORDER MATTERS!-->
		<append xpath="/blocks"> 
			<block name="steelTEMPLATE">
				<property name="Extends" value="steelMaster"/>
				<property name="CustomIcon" value="woodTEMPLATE"/>	<property name="CustomIconTint" value="A42ACC"/>
				<property name="Shape" value="New"/>
				<property name="Model" value="modeltemp"/>
				<property name="Texture" value="356"/>
				<property name="DowngradeBlock" value="rConcreteTEMPLATE"/>
				<property name="SortOrder2" value="0150"/>
			</block>
			<block name="rConcreteTEMPLATE">
				<property name="Extends" value="rConcreteMaster"/>
				<property name="CustomIcon" value="woodTEMPLATE"/>	<property name="CustomIconTint" value="315DCE"/>
				<property name="CreativeMode" value="Player"/>
				<property name="Shape" value="New"/>
				<property name="Model" value="modeltemp"/>
				<property name="SortOrder2" value="0150"/>
				<property class="UpgradeBlock"> <property name="ToBlock" value="steelTEMPLATE"/> </property>
			</block>	
			<block name="pouredRConcreteTEMPLATE">
				<property name="Extends" value="pouredRConcreteMaster"/> <property name="CustomIconTint" value="000000"/>
				<property name="CreativeMode" value="None"/>
				<property name="CustomIcon" value="woodTEMPLATE"/>
				<property name="Shape" value="New"/>
				<property name="Model" value="modeltemp"/>
				<property name="UpgradeRated.ToBlock" value="rConcreteTEMPLATE"/>
			</block>
			<block name="concreteTEMPLATE">
				<property name="Extends" value="concreteMaster"/>
				<property name="CustomIcon" value="woodTEMPLATE"/>	<property name="CustomIconTint" value="42C234"/>
				<property name="Shape" value="New"/>
				<property name="Model" value="modeltemp"/>
				<property name="SortOrder2" value="0150"/>
				<property class="UpgradeBlock"> <property name="ToBlock" value="pouredRConcreteTEMPLATE"/> </property>
			</block>
			<block name="pouredConcreteTEMPLATE">
				<property name="Extends" value="pouredConcreteMaster"/>
				<property name="CustomIcon" value="woodTEMPLATE"/>	<property name="CustomIconTint" value="000000"/>
				<property name="CreativeMode" value="Player"/>
				<property name="Shape" value="New"/>
				<property name="Model" value="modeltemp"/>
				<property name="SortOrder2" value="0150"/>
				<property name="UpgradeRated.ToBlock" value="concreteTEMPLATE"/>
			</block>	
			<block name="cobblestoneTEMPLATE">
				<property name="Extends" value="cobblestoneMaster"/>
				<property name="CustomIcon" value="woodTEMPLATE"/>	<property name="CustomIconTint" value="A2A41B"/>
				<property name="Shape" value="New"/>
				<property name="Model" value="modeltemp"/>
				<property name="SortOrder2" value="0150"/>
				<property class="UpgradeBlock"> <property name="ToBlock" value="pouredConcreteTEMPLATE"/> </property>
			</block>
			<block name="rwoodTEMPLATE">
				<property name="Extends" value="rWoodMaster"/>
				<property name="CustomIcon" value="woodTEMPLATE"/>	<property name="CustomIconTint" value="CF7F29"/>
				<property name="CreativeMode" value="Player"/>
				<property name="Shape" value="New"/>
				<property name="Model" value="modeltemp"/>
				<property name="SortOrder2" value="0150"/>
				<property class="UpgradeBlock"> <property name="ToBlock" value="cobblestoneTEMPLATE"/> </property>
				<property name="DowngradeBlock" value="woodTEMPLATE"/>
			</block>
			<block name="woodFrameTEMPLATE">
				<property name="Extends" value="woodFrameMaster"/>
				<property name="CustomIcon" value="woodTEMPLATE"/>	<property name="CustomIconTint" value="d9d58d"/>
				<property name="CreativeMode" value="Player"/>
				<property name="Shape" value="New"/>
				<property name="Model" value="modeltemp"/>
				<property name="SortOrder2" value="0150"/>
				<property class="UpgradeBlock"> <property name="ToBlock" value="woodTEMPLATE"/> </property>
			</block>
			<block name="woodTEMPLATE">
				<property name="Extends" value="woodMaster"/>
				<property name="CustomIcon" value="woodTEMPLATE"/>	<property name="CustomIconTint" value="CF7F29"/>
				<property name="CreativeMode" value="Player"/>
				<property name="Shape" value="New"/>
				<property name="Model" value="modeltemp"/>
				<property name="SortOrder2" value="0150"/>
				<property class="UpgradeBlock"> <property name="ToBlock" value="rwoodTEMPLATE"/> </property>
			</block>
			<block name="rScrapIronTEMPLATE">
				<property name="Extends" value="rScrapIronMaster"/>
				<property name="CustomIcon" value="woodTEMPLATE"/>	<property name="CustomIconTint" value="9C8867"/>
				<property name="CreativeMode" value="Player"/>
				<property name="Shape" value="New"/>
				<property name="Model" value="modeltemp"/>
				<property name="SortOrder2" value="0150"/>
				<property class="UpgradeBlock"> <property name="ToBlock" value="pouredConcreteTEMPLATE"/> </property>
				<property name="DowngradeBlock" value="scrapIronTEMPLATE"/>
			</block>
			<block name="scrapIronTEMPLATE">
				<property name="Extends" value="scrapIronMaster"/>
				<property name="CustomIcon" value="woodTEMPLATE"/>	<property name="CustomIconTint" value="808080"/>
				<property name="CreativeMode" value="Player"/>
				<property name="Shape" value="New"/>
				<property name="Model" value="modeltemp"/>
				<property name="SortOrder2" value="0150"/>
				<property class="UpgradeBlock"> <property name="ToBlock" value="rScrapIronTEMPLATE"/> </property>
			</block>
			<block name="scrapIronFrameTEMPLATE">
				<property name="Extends" value="scrapIronFrameMaster"/>
				<property name="CustomIcon" value="woodTEMPLATE"/>	<property name="CustomIconTint" value="839ec7"/>
				<property name="CreativeMode" value="Player"/>
				<property name="Shape" value="New"/>
				<property name="Model" value="modeltemp"/>
				<property name="SortOrder2" value="0150"/>
				<property class="UpgradeBlock"> <property name="ToBlock" value="scrapIronTEMPLATE"/> </property>
			</block>
			<block name="flagstoneTEMPLATE">
				<property name="Extends" value="flagstoneMaster"/>
				<property name="CustomIcon" value="woodTEMPLATE"/>	<property name="CustomIconTint" value="ff5900"/>
				<property name="CreativeMode" value="Player"/>
				<property name="Shape" value="New"/>
				<property name="Model" value="modeltemp"/>
				<property name="SortOrder2" value="0150"/>
				<property class="UpgradeBlock"> <property name="ToBlock" value="cobblestoneTEMPLATE"/> </property>
			</block>
			<block name="rebarFrameTEMPLATE">
				<property name="Extends" value="rebarFrameMaster"/>
				<property name="CustomIcon" value="woodTEMPLATE"/>	<property name="CustomIconTint" value="474f63"/>
				<property name="CreativeMode" value="Player"/>
				<property name="Shape" value="New"/>
				<property name="Model" value="modeltemp"/>
				<property name="SortOrder2" value="0150"/>
				<property class="UpgradeBlock"> <property name="ToBlock" value="pouredRConcreteTEMPLATE"/> </property>
			</block>
			<block name="glassTEMPLATE">
				<property name="Extends" value="glassMaster"/>
				<property name="CustomIcon" value="woodTEMPLATE"/>	<property name="CustomIconTint" value="68def2"/>
				<property name="CreativeMode" value="Player"/>
				<property name="Shape" value="New"/>
				<property name="Model" value="modeltemp"/>
				<property name="SortOrder2" value="0150"/>
				<property class="UpgradeBlock"> <property name="ToBlock" value="glassBulletproofTEMPLATE"/> </property>
			</block>
			<block name="glassBulletproofTEMPLATE">
				<property name="Extends" value="glassBulletproofMaster"/>
				<property name="CustomIcon" value="woodTEMPLATE"/>	<property name="CustomIconTint" value="23707d"/>
				<property name="CreativeMode" value="Player"/>
				<property name="Shape" value="New"/>
				<property name="Model" value="modeltemp"/>
				<property name="ImposterExchange" value="imposterBlock" param1="170"/>
				<property name="SortOrder2" value="0150"/>
			</block>
		</append>
		<set xpath="/blocks/block[@name='woodTEMPLATE']/property[@name='Extends']/@value">woodMaster</set>
		<append xpath="/blocks/block[@name='woodTEMPLATE']">
				<property name="SortOrder2" value="0150"/>
				<property class="UpgradeBlock"> <property name="ToBlock" value="rwoodTEMPLATE"/> </property>
		</append>
		<set xpath="/blocks/block[@name='brickTEMPLATE']/property[@name='Extends']/@value">brickMaster</set>
		<append xpath="/blocks/block[@name='brickTEMPLATE']">
				<property name="SortOrder2" value="0150"/>
				<property class="UpgradeBlock"> <property name="ToBlock" value="pouredConcreteTEMPLATE"/> </property>
		</append>
		<set xpath="/blocks/block[@name='corrugatedMetalTEMPLATE']/property[@name='Extends']/@value">corrugatedMetalMaster</set>
		<append xpath="/blocks/block[@name='corrugatedMetalTEMPLATE']">
				<property name="SortOrder2" value="0150"/>
				<property class="UpgradeBlock"> <property name="ToBlock" value="scrapIronTEMPLATE"/> </property>
		</append>
		<set xpath="/blocks/block[@name='concreteTEMPLATE']/property[@name='Extends']/@value">concreteMaster</set>
		<append xpath="/blocks/block[@name='concreteTEMPLATE']">
				<property name="SortOrder2" value="0150"/>
				<property class="UpgradeBlock"> <property name="ToBlock" value="pouredRConcreteTEMPLATE"/> </property>
		</append>
		<!--end TEMPLATE-->


		
		

		<set xpath="/blocks/block[@name='flagstoneTEMPLATE']/property[@name='Extends']/@value">flagstoneMaster</set>
		<append xpath="/blocks/block[@name='flagstoneTEMPLATE']">
				<property class="UpgradeBlock"> <property name="ToBlock" value="cobblestoneTEMPLATE"/> </property>
		</append>	


<!--TEMPLATE ORDER MATTERS!-->
		<append xpath="/blocks"> 
			<block name="steelTEMPLATE">
				<property name="Extends" value="steelMaster"/>
				<property name="CustomIcon" value="brickTEMPLATE"/>	<property name="CustomIconTint" value="A42ACC"/>
				<property name="Shape" value="New"/>
				<property name="Model" value="modeltemp"/>
				<property name="Texture" value="356"/>
				<property name="DowngradeBlock" value="rConcreteTEMPLATE"/>
				<property name="SortOrder2" value="0518"/>
			</block>
			<block name="rConcreteTEMPLATE">
				<property name="Extends" value="rConcreteMaster"/>
				<property name="CustomIcon" value="brickTEMPLATE"/>	<property name="CustomIconTint" value="315DCE"/>
				<property name="CreativeMode" value="Player"/>
				<property name="Shape" value="New"/>
				<property name="Model" value="modeltemp"/>
				<property name="SortOrder2" value="0518"/>
				<property class="UpgradeBlock"> <property name="ToBlock" value="steelTEMPLATE"/> </property>
			</block>	
			<block name="pouredRConcreteTEMPLATE">
				<property name="Extends" value="pouredRConcreteMaster"/> <property name="CustomIconTint" value="000000"/>
				<property name="CreativeMode" value="None"/>
				<property name="CustomIcon" value="brickTEMPLATE"/>
				<property name="Shape" value="New"/>
				<property name="Model" value="modeltemp"/>
				<property name="UpgradeRated.ToBlock" value="rConcreteTEMPLATE"/>
			</block>
			<block name="concreteTEMPLATE">
				<property name="Extends" value="concreteMaster"/>
				<property name="CustomIcon" value="brickTEMPLATE"/>	<property name="CustomIconTint" value="42C234"/>
				<property name="Shape" value="New"/>
				<property name="Model" value="modeltemp"/>
				<property name="SortOrder2" value="0518"/>
				<property class="UpgradeBlock"> <property name="ToBlock" value="pouredRConcreteTEMPLATE"/> </property>
			</block>
			<block name="pouredConcreteTEMPLATE">
				<property name="Extends" value="pouredConcreteMaster"/>
				<property name="CustomIcon" value="brickTEMPLATE"/>	<property name="CustomIconTint" value="000000"/>
				<property name="CreativeMode" value="Player"/>
				<property name="Shape" value="New"/>
				<property name="Model" value="modeltemp"/>
				<property name="SortOrder2" value="0518"/>
				<property name="UpgradeRated.ToBlock" value="concreteTEMPLATE"/>
			</block>	
			<block name="cobblestoneTEMPLATE">
				<property name="Extends" value="cobblestoneMaster"/>
				<property name="CustomIcon" value="brickTEMPLATE"/>	<property name="CustomIconTint" value="A2A41B"/>
				<property name="Shape" value="New"/>
				<property name="Model" value="modeltemp"/>
				<property name="SortOrder2" value="0518"/>
				<property class="UpgradeBlock"> <property name="ToBlock" value="pouredConcreteTEMPLATE"/> </property>
			</block>
			<block name="rwoodTEMPLATE">
				<property name="Extends" value="rWoodMaster"/>
				<property name="CustomIcon" value="brickTEMPLATE"/>	<property name="CustomIconTint" value="CF7F29"/>
				<property name="CreativeMode" value="Player"/>
				<property name="Shape" value="New"/>
				<property name="Model" value="modeltemp"/>
				<property name="SortOrder2" value="0518"/>
				<property class="UpgradeBlock"> <property name="ToBlock" value="cobblestoneTEMPLATE"/> </property>
				<property name="DowngradeBlock" value="woodTEMPLATE"/>
			</block>
			<block name="woodFrameTEMPLATE">
				<property name="Extends" value="woodFrameMaster"/>
				<property name="CustomIcon" value="brickTEMPLATE"/>	<property name="CustomIconTint" value="d9d58d"/>
				<property name="CreativeMode" value="Player"/>
				<property name="Shape" value="New"/>
				<property name="Model" value="modeltemp"/>
				<property name="SortOrder2" value="0518"/>
				<property class="UpgradeBlock"> <property name="ToBlock" value="woodTEMPLATE"/> </property>
			</block>
			<block name="woodTEMPLATE">
				<property name="Extends" value="woodMaster"/>
				<property name="CustomIcon" value="brickTEMPLATE"/>	<property name="CustomIconTint" value="CF7F29"/>
				<property name="CreativeMode" value="Player"/>
				<property name="Shape" value="New"/>
				<property name="Model" value="modeltemp"/>
				<property name="SortOrder2" value="0518"/>
				<property class="UpgradeBlock"> <property name="ToBlock" value="rwoodTEMPLATE"/> </property>
			</block>			
			<block name="rScrapIronTEMPLATE">
				<property name="Extends" value="rScrapIronMaster"/>
				<property name="CustomIcon" value="brickTEMPLATE"/>	<property name="CustomIconTint" value="9C8867"/>
				<property name="CreativeMode" value="Player"/>
				<property name="Shape" value="New"/>
				<property name="Model" value="modeltemp"/>
				<property name="SortOrder2" value="0518"/>
				<property class="UpgradeBlock"> <property name="ToBlock" value="pouredConcreteTEMPLATE"/> </property>
				<property name="DowngradeBlock" value="scrapIronTEMPLATE"/>
			</block>
			<block name="scrapIronTEMPLATE">
				<property name="Extends" value="scrapIronMaster"/>
				<property name="CustomIcon" value="brickTEMPLATE"/>	<property name="CustomIconTint" value="808080"/>
				<property name="CreativeMode" value="Player"/>
				<property name="Shape" value="New"/>
				<property name="Model" value="modeltemp"/>
				<property name="SortOrder2" value="0518"/>
				<property class="UpgradeBlock"> <property name="ToBlock" value="rScrapIronTEMPLATE"/> </property>
			</block>
			<block name="scrapIronFrameTEMPLATE">
				<property name="Extends" value="scrapIronFrameMaster"/>
				<property name="CustomIcon" value="brickTEMPLATE"/>	<property name="CustomIconTint" value="839ec7"/>
				<property name="CreativeMode" value="Player"/>
				<property name="Shape" value="New"/>
				<property name="Model" value="modeltemp"/>
				<property name="SortOrder2" value="0518"/>
				<property class="UpgradeBlock"> <property name="ToBlock" value="scrapIronTEMPLATE"/> </property>
			</block>
			<block name="flagstoneTEMPLATE">
				<property name="Extends" value="flagstoneMaster"/>
				<property name="CustomIcon" value="brickTEMPLATE"/>	<property name="CustomIconTint" value="ff5900"/>
				<property name="CreativeMode" value="Player"/>
				<property name="Shape" value="New"/>
				<property name="Model" value="modeltemp"/>
				<property name="SortOrder2" value="0518"/>
				<property class="UpgradeBlock"> <property name="ToBlock" value="cobblestoneTEMPLATE"/> </property>
			</block>
			<block name="rebarFrameTEMPLATE">
				<property name="Extends" value="rebarFrameMaster"/>
				<property name="CustomIcon" value="brickTEMPLATE"/>	<property name="CustomIconTint" value="474f63"/>
				<property name="CreativeMode" value="Player"/>
				<property name="Shape" value="New"/>
				<property name="Model" value="modeltemp"/>
				<property name="SortOrder2" value="0518"/>
				<property class="UpgradeBlock"> <property name="ToBlock" value="pouredRConcreteTEMPLATE"/> </property>
			</block>
			<block name="glassTEMPLATE">
				<property name="Extends" value="glassMaster"/>
				<property name="CustomIcon" value="brickTEMPLATE"/>	<property name="CustomIconTint" value="68def2"/>
				<property name="CreativeMode" value="Player"/>
				<property name="Shape" value="New"/>
				<property name="Model" value="modeltemp"/>
				<property name="SortOrder2" value="0518"/>
				<property class="UpgradeBlock"> <property name="ToBlock" value="glassBulletproofTEMPLATE"/> </property>
			</block>
			<block name="glassBulletproofTEMPLATE">
				<property name="Extends" value="glassBulletproofMaster"/>
				<property name="CustomIcon" value="brickTEMPLATE"/>	<property name="CustomIconTint" value="23707d"/>
				<property name="CreativeMode" value="Player"/>
				<property name="Shape" value="New"/>
				<property name="Model" value="modeltemp"/>
				<property name="ImposterExchange" value="imposterBlock" param1="170"/>
				<property name="SortOrder2" value="0518"/>
			</block>
		</append>
		<set xpath="/blocks/block[@name='brickTEMPLATE']/property[@name='Extends']/@value">brickMaster</set>
		<append xpath="/blocks/block[@name='brickTEMPLATE']">
				<property name="CreativeMode" value="Player"/>
				<property name="SortOrder2" value="0518"/>
				<property class="UpgradeBlock"> <property name="ToBlock" value="pouredConcreteTEMPLATE"/> </property>
		</append>
		<!--end TEMPLATE-->





Below is 1.04 and prior for the bars/catwalks.


		<!--STEEL Bars & Variant Blocks-->
			<append xpath="/blocks">
				<block name="steelBarsCentered">
					<property name="DisplayType" value="blockHardened"/>
					<property name="CustomIcon" value="woodBarsCentered"/>
					<property name="CustomIconTint" value="474747"/>	
					<property name="Material" value="Msteel"/>
					<property name="Shape" value="New"/>
					<property name="LightOpacity" value="0"/>
					<property name="Model" value="iron_bars_centered"/>
					<property name="Texture" value="191"/>
					<property name="UseGlobalUV" value="Local"/>
					<property name="ImposterExcludeAndStop" value="true"/>
					<property name="Place" value="TowardsPlacer"/>
					<property name="AllowAllRotations" value="true"/>
					<property name="Collide" value="movement,melee,rocket"/> <!-- -rocket -->
					<property class="RepairItems"> <property name="resourceForgedSteel" value="10"/> </property>
					<drop event="Harvest" name="resourceScrapIron" count="96" tag="allHarvest"/>
					<drop event="Destroy" count="0"/>
					<drop event="Fall" name="scrapMetalPile" count="1" prob="0.75" stick_chance="1"/>
					<property name="Group" value="Building,advBuilding"/>
					<property name="EconomicValue" value="20"/>
					<property name="DescriptionKey" value="ironBarsDesc"/>
					<property name="FilterTags" value="fdecor,fother,fwindows,fdoors"/>
					<property name="SortOrder1" value="7060"/>
					<property name="SortOrder2" value="0061"/> <!-- SortDoors -->
				</block>

				<block name="steelBars">
					<property name="Extends" value="steelBarsCentered"/>
					<property name="CustomIcon" value="woodBarsCentered"/>
					<property name="CustomIconTint" value="474747"/>	
					<property name="Model" value="iron_bars"/>
					<property name="Place" value="TowardsPlacerInverted"/>
					<property name="SortOrder2" value="0060"/> <!-- SortDoors -->
				</block>


				<block name="woodBarsVariantHelper">
					<property name="Extends" value="woodFrameBlock"/>
					<property name="CustomIcon" value="woodBarsCentered"/>
					<property name="CreativeMode" value="Player"/>
					<property name="DescriptionKey" value="blockVariantHelperGroupDesc"/>
					<property name="ItemTypeIcon" value="all_blocks"/>
					<property name="SelectAlternates" value="true"/>
					<property name="PlaceAltBlockValue" value="woodBarsCentered,woodBars"/>
					<property name="Group" value="Basics,Building,advBuilding"/>
					<property name="PickupJournalEntry" value="shapeMenuTip"/>
					<property name="AllowAllRotations" value="true"/>
				</block>

				<block name="ironBarsVariantHelper">
					<property name="Extends" value="woodFrameBlock"/>
					<property name="CustomIcon" value="ironBarsCentered"/>
					<property name="CreativeMode" value="Player"/>
					<property name="DescriptionKey" value="blockVariantHelperGroupDesc"/>
					<property name="ItemTypeIcon" value="all_blocks"/>
					<property name="SelectAlternates" value="true"/>
					<property name="PlaceAltBlockValue" value="ironBarsCentered,ironBars"/>
					<property name="Group" value="Basics,Building,advBuilding"/>
					<property name="PickupJournalEntry" value="shapeMenuTip"/>
					<property name="AllowAllRotations" value="true"/>
				</block>

				<block name="steelBarsVariantHelper">
					<property name="Extends" value="woodFrameBlock"/>
					<property name="CustomIcon" value="woodBarsCentered"/>
					<property name="CustomIconTint" value="474747"/>
					<property name="CreativeMode" value="Player"/>
					<property name="DescriptionKey" value="blockVariantHelperGroupDesc"/>
					<property name="ItemTypeIcon" value="all_blocks"/>
					<property name="SelectAlternates" value="true"/>
					<property name="PlaceAltBlockValue" value="steelBarsCentered,steelBars,jailBars"/> <!--do not put other jail bars on here because salvaging those gives other resources-->
					<property name="Group" value="Basics,Building,advBuilding"/>
					<property name="PickupJournalEntry" value="shapeMenuTip"/>
					<property name="AllowAllRotations" value="true"/>
				</block>
			</append>
			<append xpath="/blocks/block[@name='ironBarsCentered']">
				<property class="UpgradeBlock">
					<property name="ToBlock" value="steelBarsCentered"/>
					<property name="Item" value="resourceForgedSteel"/>
					<property name="ItemCount" value="12"/>
					<property name="UpgradeHitCount" value="6"/>
				</property>
			</append>
			<append xpath="/blocks/block[@name='ironBars']">
				<property class="UpgradeBlock">
					<property name="ToBlock" value="steelBars"/>
					<property name="Item" value="resourceForgedSteel"/>
					<property name="ItemCount" value="12"/>
					<property name="UpgradeHitCount" value="6"/>
				</property>
			</append>
			<append xpath="/blocks/block[@name='jailBars']">
				<property class="RepairItems"> <property name="resourceForgedSteel" value="10"/> </property>
			</append>
			<append xpath="/blocks/block[@name='jailDoorStatic']">
				<property class="RepairItems"> <property name="resourceForgedSteel" value="10"/> </property>
			</append>	
			<append xpath="/blocks/block[@name='jailDoorStaticCentered']">
				<property class="RepairItems"> <property name="resourceForgedSteel" value="10"/> </property>
			</append>


	
		<!--STEEL catwalk/stairs/railings-->
			<append xpath="/blocks">
				<block name="steelCatwalk">
					<property name="CustomIcon" value="metalCatwalk"/>	<property name="CustomIconTint" value="A42ACC"/>	
					<property name="DisplayType" value="blockHardened"/>
					<property name="Material" value="Msteel"/> 
					<property name="MaxDamage" value="5000"/>
					<property name="Shape" value="New"/>
					<property name="Model" value="catwalk_metal"/>
					<property name="SortOrder2" value="0640"/> 
					<property name="Texture" value="55,191,191,191,191,191"/>
					<property name="ImposterExchange" value="imposterPlate" param1="112"/>
					<property name="UseGlobalUV" value="Local"/>
					<property class="RepairItems"> <property name="resourceForgedSteel" value="8"/> </property>
					<property name="DescriptionKey" value="metalCatwalkGroupDesc"/>
					<drop event="Harvest" name="resourceScrapIron" count="25" tag="allHarvest"/>
					<drop event="Destroy" count="0"/>
					<drop event="Fall" name="scrapMetalPile" count="1" prob="0.6" stick_chance="1"/>
					<property name="EconomicValue" value="48"/>
					<property name="FilterTags" value="fbuilding,firon"/>
					<property name="SortOrder1" value="40e0"/>
				</block>
				<block name="steelCatwalkRailing2">
					<property name="CustomIcon" value="metalCatwalkRailing2"/>	<property name="CustomIconTint" value="A42ACC"/>	
					<property name="Extends" value="steelCatwalk"/>
					<property name="Model" value="catwalk_rail_metal"/>
					<property name="SortOrder2" value="0650"/> 
				</block>
				<block name="steelCatwalkRailing1">
					<property name="CustomIcon" value="metalCatwalkRailing1"/>	<property name="CustomIconTint" value="A42ACC"/>	
					<property name="Extends" value="steelCatwalk"/>
					<property name="Model" value="catwalk_rail_metal_single"/>
					<property name="SortOrder2" value="0650"/> 
				</block>
				<block name="steelCatwalkRailingCNR">
					<property name="CustomIcon" value="metalCatwalkRailingCNR"/>	<property name="CustomIconTint" value="A42ACC"/>
					<property name="Extends" value="steelCatwalk"/>
					<property name="Model" value="catwalk_rail_metal_corner"/>
					<property name="SortOrder2" value="0660"/> 
				</block>
				<block name="steelStairsBoard">
					<property name="CustomIcon" value="metalStairsBoard"/>	<property name="CustomIconTint" value="A42ACC"/>
					<property name="Extends" value="steelCatwalk"/>
					<property name="DisplayType" value="blockMulti"/>
					<property name="Class" value="Stairs"/>
					<property name="LightOpacity" value="6"/>
					<property name="Model" value="Stairs"/> <property name="Place" value="TowardsPlacerInverted"/>
					<property name="Collide" value="movement,melee,bullet,arrow,rocket"/>
					<property name="SortOrder2" value="0610"/> 
					<property name="MultiBlockDim" value="1,2,1"/>
				</block>
				<block name="steelStairsBoardRailing">
					<property name="CustomIcon" value="metalStairsBoardRailing"/>	<property name="CustomIconTint" value="A42ACC"/>
					<property name="Extends" value="steelCatwalk"/> <property name="Place" value="TowardsPlacerInverted"/>
					<property name="Class" value="Stairs"/>
					<property name="LightOpacity" value="6"/>
					<property name="Model" value="stairs_railing_metal"/>
					<property name="Collide" value="movement,melee,bullet,arrow,rocket"/>
					<property name="SortOrder2" value="0620"/> 
					<property name="DisplayType" value="blockMulti"/>
					<property name="MultiBlockDim" value="1,2,1"/>
				</block>
				<block name="steelCatwalkWedgeRailing">
					<property name="CustomIcon" value="metalCatwalkWedgeRailing"/>	<property name="CustomIconTint" value="A42ACC"/>
					<property name="Extends" value="steelCatwalk"/>
					<property name="Model" value="catwalk_wedge_rail_metal"/>
					<property name="SortOrder2" value="0680"/> 
					<property name="Texture" value="191,55,191,191,191,191"/>
				</block>

				<block name="steelCatwalkWedge">
					<property name="CustomIcon" value="metalCatwalkWedge"/>	<property name="CustomIconTint" value="A42ACC"/>
					<property name="Extends" value="steelCatwalk"/>
					<property name="Model" value="catwalk_wedge_metal"/>
					<property name="SortOrder2" value="0670"/>
					<property name="Texture" value="191,55,191,191,191,191"/>
				</block>
			</append>
			<append xpath="/blocks/block[@name='metalCatwalk']">
				<property name="Extends" value="corrugatedMetalMaster" param1="UpgradeBlock"/>
				<property class="UpgradeBlock">
					<property name="ToBlock" value="steelCatwalk"/>
					<property name="Item" value="resourceForgedSteel"/>
					<property name="ItemCount" value="10"/>
					<property name="UpgradeHitCount" value="4"/>
				</property>	
			</append>
			<append xpath="/blocks/block[@name='metalCatwalkRailing2']">
				<property class="UpgradeBlock"><property name="ToBlock" value="steelCatwalkRailing2"/></property></append>
			<append xpath="/blocks/block[@name='metalCatwalkRailing1']">
				<property class="UpgradeBlock"><property name="ToBlock" value="steelCatwalkRailing1"/></property></append>
			<append xpath="/blocks/block[@name='metalCatwalkRailingCNR']">
				<property class="UpgradeBlock"><property name="ToBlock" value="steelCatwalkRailingCNR"/></property></append>
			<append xpath="/blocks/block[@name='metalStairsBoard']">
				<property class="UpgradeBlock"><property name="ToBlock" value="steelStairsBoard"/></property></append>
			<append xpath="/blocks/block[@name='metalCatwalkWedgeRailing']">
				<property class="UpgradeBlock"><property name="ToBlock" value="steelCatwalkWedgeRailing"/></property></append>
			<append xpath="/blocks/block[@name='metalCatwalkWedge']">
				<property class="UpgradeBlock"><property name="ToBlock" value="steelCatwalkWedge"/></property></append>
			<append xpath="/blocks/block[@name='metalStairsBoardRailing']">
				<property class="UpgradeBlock"><property name="ToBlock" value="steelStairsBoardRailing"/></property></append>
			<append xpath="/blocks">
				<block name="steelRailing">
					<property name="CustomIcon" value="metalRailing"/>	<property name="CustomIconTint" value="A42ACC"/>
					<property name="Shape" value="New"/>
					<property name="Model" value="metal_rail"/>
					<property name="Material" value="MmetalCatwalk"/>
					<property name="Collide" value="movement,melee,rocket"/>
					<property name="SortOrder2" value="0690"/>
					<property name="SortOrder1" value="40e0"/>
					<property name="Texture" value="191"/>
					<property name="ImposterExclude" value="true"/>
					<property name="UseGlobalUV" value="Local"/>
					<property name="DescriptionKey" value="metalCatwalkGroupDesc"/>
					<property name="FilterTags" value="fbuilding,firon,fdecor,fother"/>
					<property class="RepairItems"> <property name="resourceForgedSteel" value="2"/> </property>
					<drop event="Harvest" name="resourceScrapIron" count="20" tag="allHarvest"/>
					<drop event="Destroy" count="0"/>
					<drop event="Fall" name="scrapMetalPile" count="1" prob="0.7" stick_chance="1"/>
				</block>

				<block name="steelRailingCNR">
					<property name="CustomIcon" value="metalRailingCNR"/>	<property name="CustomIconTint" value="A42ACC"/>
					<property name="Extends" value="steelRailing"/>
					<property name="Material" value="MmetalCatwalk"/>
					<property name="Model" value="rail_metal_corner"/>
				</block>

				<block name="steelRailingDiagonal">
					<property name="CustomIcon" value="metalRailingDiagonal"/>	<property name="CustomIconTint" value="A42ACC"/>
					<property name="Extends" value="steelRailing"/>
					<property name="Material" value="MmetalCatwalk"/>
					<property name="Model" value="metal_rail_diagonal"/>
				</block>
			</append>
			<append xpath="/blocks/block[@name='metalRailing']">
				<property name="Extends" value="corrugatedMetalMaster" param1="UpgradeBlock"/>
				<property class="UpgradeBlock">
					<property name="ToBlock" value="steelRailing"/>
					<property name="Item" value="resourceForgedSteel"/>
					<property name="ItemCount" value="4"/>
					<property name="UpgradeHitCount" value="4"/>
				</property>	
			</append>
			<append xpath="/blocks/block[@name='metalRailingCNR']">
				<property class="UpgradeBlock"><property name="ToBlock" value="steelRailingCNR"/></property></append>
			<append xpath="/blocks/block[@name='metalRailingDiagonal']">
				<property class="UpgradeBlock"><property name="ToBlock" value="steelRailingDiagonal"/></property></append>
			<append xpath="/blocks">
			<block name="woodRailingCNR2">
				<property name="CustomIcon" value="metalRailingCNR"/>	<property name="CustomIconTint" value="CF7F29"/>
				<property name="Extends" value="woodCatwalk"/>
				<property name="Material" value="Mwood_weak"/>
				<property name="LightOpacity" value="0"/>
				<property name="Model" value="rail_metal_corner"/>
				<property name="Collide" value="movement,melee,rocket"/>
				<property name="SortOrder2" value="0690"/> 
				<property name="ImposterExclude" value="true"/>
				<property name="FuelValue" value="150"/>
				<property name="Texture" value="241"/>
				<property class="RepairItems"> <property name="resourceWood" value="3"/> </property>
				<property class="UpgradeBlock">
					<property name="ToBlock" value="metalRailingCNR"/>
					<property name="Item" value="resourceForgedIron"/>
					<property name="ItemCount" value="2"/>
				</property>
				<property name="EconomicValue" value="5"/>
				<property name="EconomicBundleSize" value="20"/>
				<property name="FilterTags" value="fbuilding,fwood,fdecor,fother"/>
				<drop event="Fall" count="0" prob="0"/>
				<property name="Group" value="Building,advBuilding"/>
			</block>
			<block name="woodRailing2">
				<property name="CustomIcon" value="metalRailing"/>	<property name="CustomIconTint" value="CF7F29"/>
				<property name="Extends" value="woodCatwalk"/>
				<property name="Material" value="Mwood_weak"/>
				<property name="LightOpacity" value="0"/>
				<property name="Model" value="metal_rail"/>
				<property name="Collide" value="movement,melee,rocket"/>
				<property name="SortOrder2" value="0690"/> 
				<property name="ImposterExclude" value="true"/>
				<property name="FuelValue" value="150"/>
				<property name="Texture" value="241"/>
				<property class="RepairItems"> <property name="resourceWood" value="3"/> </property>
				<property class="UpgradeBlock">
					<property name="ToBlock" value="metalRailing"/>
					<property name="Item" value="resourceForgedIron"/>
					<property name="ItemCount" value="2"/>
				</property>
				<property name="EconomicValue" value="5"/>
				<property name="EconomicBundleSize" value="20"/>
				<property name="FilterTags" value="fbuilding,fwood,fdecor,fother"/>
				<drop event="Fall" count="0" prob="0"/>
				<property name="Group" value="Building,advBuilding"/>
			</block>
			<block name="woodRailingDiagonal">
				<property name="CustomIcon" value="metalRailingDiagonal"/>	<property name="CustomIconTint" value="CF7F29"/>
				<property name="Extends" value="woodCatwalk"/>
				<property name="Material" value="Mwood_weak"/>
				<property name="LightOpacity" value="0"/>
				<property name="Model" value="metal_rail_diagonal"/>
				<property name="Collide" value="movement,melee,rocket"/>
				<property name="SortOrder2" value="0690"/> 
				<property name="ImposterExclude" value="true"/>
				<property name="FuelValue" value="150"/>
				<property name="Texture" value="241"/>
				<property class="RepairItems"> <property name="resourceWood" value="3"/> </property>
				<property class="UpgradeBlock">
					<property name="ToBlock" value="metalRailingDiagonal"/>
					<property name="Item" value="resourceForgedIron"/>
					<property name="ItemCount" value="2"/>
				</property>
				<property name="EconomicValue" value="5"/>
				<property name="EconomicBundleSize" value="20"/>
				<property name="FilterTags" value="fbuilding,fwood,fdecor,fother"/>
				<drop event="Fall" count="0" prob="0"/>
				<property name="Group" value="Building,advBuilding"/>
			</block>			
			
			
			<block name="metalRailingCNR2">
				<property name="CustomIcon" value="woodRailingCNR"/>	<property name="CustomIconTint" value="06D650"/>
				<property name="Extends" value="metalRailing"/>
				<property name="Model" value="railing_corner"/>
				<property class="UpgradeBlock"><property name="ToBlock" value="steelRailingCNR2"/></property>
			</block>
			<block name="steelRailingCNR2">
				<property name="CustomIcon" value="woodRailingCNR"/>	<property name="CustomIconTint" value="A42ACC"/>
				<property name="Extends" value="steelRailing"/>
				<property name="Model" value="railing_corner"/>
				<property class="UpgradeBlock"><property name="ToBlock" value="steelRailingCNR"/></property>
			</block>
			<block name="steelRailing3d">
				<property name="CustomIcon" value="metalRailing3d"/>	<property name="CustomIconTint" value="A42ACC"/>
				<property name="Extends" value="steelRailing"/>
				<property name="Model" value="railing"/>
				<property name="LightOpacity" value="0"/>
				<property name="ImposterExclude" value="true"/>
			</block>
			</append>
			<append xpath="/blocks/block[@name='woodRailingCNR']">
				<property class="UpgradeBlock"><property name="ToBlock" value="metalRailingCNR2"/></property>
			</append>
			<append xpath="/blocks">
			<block name="metalTrellisDiamond">
				<property name="CustomIcon" value="woodTrellisDiamond"/>	<property name="CustomIconTint" value="06D650"/>
				<property name="Extends" value="metalRailing"/>
				<property name="DescriptionKey" value="creativeMenuBlockGroupDesc"/>
				<!--<property name="DisplayType" value="blockShootThrough"/>-->
				<property name="Class" value="Ladder"/>
				<property name="Shape" value="New"/>
				<property name="Model" value="trellis_diamond"/>
				<property name="LightOpacity" value="0"/>
				<property name="UseGlobalUV" value="Local"/>
				<property name="Place" value="TowardsPlacerInverted"/>
				<property name="ImposterExclude" value="true"/>
				<property name="ImposterDontBlock" value="true"/>
				<property name="Collide" value="movement,melee,rocket"/>
				<property name="FilterTags" value="fdecor,fother"/>
				<property class="UpgradeBlock"><property name="ToBlock" value="steelTrellisDiamond"/></property>
			</block>

			<block name="metalTrellisSquare">
				<property name="CustomIcon" value="woodTrellisSquare"/>	<property name="CustomIconTint" value="06D650"/>
				<property name="Extends" value="metalRailing"/>
				<property name="DescriptionKey" value="creativeMenuBlockGroupDesc"/>
				<!--<property name="DisplayType" value="blockShootThrough"/>-->
				<property name="Class" value="Ladder"/>
				<property name="Shape" value="New"/>
				<property name="Model" value="trellis_square"/>
				<property name="LightOpacity" value="0"/>
				<property name="UseGlobalUV" value="Local"/>
				<property name="Place" value="TowardsPlacerInverted"/>
				<property name="ImposterExclude" value="true"/>
				<property name="ImposterDontBlock" value="true"/>
				<property name="Collide" value="movement,melee,rocket"/>
				<property name="FilterTags" value="fdecor,fother"/>
				<property class="UpgradeBlock"><property name="ToBlock" value="steelTrellisSquare"/></property>
			</block>

			<block name="steelTrellisDiamond">
				<property name="CustomIcon" value="woodTrellisDiamond"/>	<property name="CustomIconTint" value="A42ACC"/>
				<property name="Extends" value="steelRailing"/>
				<property name="DescriptionKey" value="creativeMenuBlockGroupDesc"/>
				<!--<property name="DisplayType" value="blockShootThrough"/>-->
				<property name="Class" value="Ladder"/>
				<property name="Shape" value="New"/>
				<property name="Model" value="trellis_diamond"/>
				<property name="LightOpacity" value="0"/>
				<property name="UseGlobalUV" value="Local"/>
				<property name="Place" value="TowardsPlacerInverted"/>
				<property name="ImposterExclude" value="true"/>
				<property name="ImposterDontBlock" value="true"/>
				<property name="Collide" value="movement,melee,rocket"/>
				<property name="FilterTags" value="fdecor,fother"/>
			</block>

			<block name="steelTrellisSquare">
				<property name="CustomIcon" value="woodTrellisSquare"/>	<property name="CustomIconTint" value="A42ACC"/>
				<property name="Extends" value="steelRailing"/>
				<property name="DescriptionKey" value="creativeMenuBlockGroupDesc"/>
				<!--<property name="DisplayType" value="blockShootThrough"/>-->
				<property name="Class" value="Ladder"/>
				<property name="Shape" value="New"/>
				<property name="Model" value="trellis_square"/>
				<property name="LightOpacity" value="0"/>
				<property name="UseGlobalUV" value="Local"/>
				<property name="Place" value="TowardsPlacerInverted"/>
				<property name="ImposterExclude" value="true"/>
				<property name="ImposterDontBlock" value="true"/>
				<property name="Collide" value="movement,melee,rocket"/>
				<property name="FilterTags" value="fdecor,fother"/>
			</block>
			</append>
			<append xpath="/blocks/block[@name='woodTrellisDiamond']">
				<property name="Extends" value="woodMaster"/>
				<property class="UpgradeBlock">
					<property name="ToBlock" value="metalTrellisDiamond"/>
					<property name="Item" value="resourceForgedIron"/>
					<property name="ItemCount" value="2"/>
					<property name="UpgradeHitCount" value="4"/>
				</property>
			</append>
			<append xpath="/blocks/block[@name='woodTrellisSquare']">
				<property name="Extends" value="woodMaster"/>
				<property name="Class" value="Ladder"/>
				<property name="Material" value="Mwood_ladders"/>
				<property name="Shape" value="New"/>
				<property name="Model" value="trellis_square"/>
				<property name="LightOpacity" value="0"/>
				<property name="UseGlobalUV" value="Local"/>
				<property name="Place" value="TowardsPlacerInverted"/>
				<property name="ImposterExclude" value="true"/>
				<property name="ImposterDontBlock" value="true"/>
				<property name="Collide" value="movement,melee,rocket"/>
				<property name="FuelValue" value="150"/>
				<property name="FilterTags" value="fdecor,fother"/>
				<property class="UpgradeBlock">
					<property name="ToBlock" value="metalTrellisSquare"/>
					<property name="Item" value="resourceForgedIron"/>
					<property name="ItemCount" value="2"/>
					<property name="UpgradeHitCount" value="4"/>
				</property>
			</append>
			<append xpath="/blocks/block[@name='metalRailing3d']">
							<property name="Extends" value="corrugatedMetalMaster" param1="UpgradeBlock"/>
							<property name="Texture" value="446"/>
							<property class="UpgradeBlock">
								<property name="ToBlock" value="steelRailing3d"/>
								<property name="Item" value="resourceForgedSteel"/>
								<property name="ItemCount" value="4"/>
								<property name="UpgradeHitCount" value="4"/>
							</property>	
			</append>
			<set xpath="/blocks/block[@name='woodRailing3d']/property[@class='UpgradeBlock']/property[@name='ItemCount']/@value">2</set>
			<set xpath="/blocks/block[@name='woodRailing']/property[@class='UpgradeBlock']/property[@name='ItemCount']/@value">2</set>
	

	
			<set xpath="/blocks/block[@name='woodFenceRailingTrellisSheetBlockVariantHelper']/property[@name='PlaceAltBlockValue']/@value">
			woodRailing,woodRailing3d,woodRailingCNR,woodRailing2,woodRailingCNR2,woodRailingDiagonal,woodTrellisDiamond,woodTrellisSquare,whitePicketFenceSheet,woodFenceFarmSheet,woodFenceSheet,railingFloatLeft,railingFloatRight,woodFenceFarmSheetBroken1,woodFenceFarmSheetBroken2,woodRailing3dBroke,woodFenceSheetBent1,woodFenceSheetBent2,woodFenceSheetBent3,woodFenceSheetBent4
			</set>	
			
			<set xpath="/blocks/block[@name='metalFenceRailingTrellisSheetBlockVariantHelper']/property[@name='PlaceAltBlockValue']/@value">
			metalRailing3d,metalRailingCNR2,metalRailing,metalRailingCNR,metalRailingDiagonal,metalTrellisDiamond,metalTrellisSquare,roadRailing,roadRailingPole,roadRailingEnd,roadRailingEnd2,chainLink,chainLinkFenceBottomPole,chainLinkFenceTop,chainLinkFenceTopPole,chainLinkFenceTopPole2,chainLinkCornerBottom,chainLinkCornerTop,chainLinkPole,metalRailing3dBroke
			</set>			
