<Riles-BackpackPlus>

	<set xpath="/lootcontainers/lootcontainer[@id='1']/@size">8,9</set>
	<set xpath="/lootcontainers/lootcontainer[@id='2']/@size">9,10</set>
	<set xpath="/lootcontainers/lootcontainer[@id='5']/@size">9,10</set>

	<set xpath="/lootcontainers/lootcontainer[@id='76']/@size">9,5</set> <!--bicycle-->
	<set xpath="/lootcontainers/lootcontainer[@id='77']/@size">9,6</set> <!--minibike-->
	<set xpath="/lootcontainers/lootcontainer[@id='78']/@size">9,8</set> <!--motorcycle-->
	<set xpath="/lootcontainers/lootcontainer[@id='79']/@size">9,10</set> <!--Truck-->
	<set xpath="/lootcontainers/lootcontainer[@id='80']/@size">9,6</set> <!--Gyro-->
	
	
</Riles-BackpackPlus>