<Configs>
<!--A19 schematics replacing itself after use and remove XP gain as they are repeatable now.-->
	<remove xpath="/items/item[starts-with(@name,'book')]/effect_group/triggered_effect[@exp='50']"/>
	<remove xpath="/items/item[contains(@name,'Schematic')]/effect_group[@tiered='false']/triggered_effect[@exp='50']"/>	
	
	<append xpath="/items/item[@name='meleeWpnClubT1BaseballBatSchematic']">
		<property class="Action0"><property name="Create_item" value="meleeWpnClubT1BaseballBatSchematic"/></property></append>
	<append xpath="/items/item[@name='meleeWpnSledgeT1IronSledgehammerSchematic']">
		<property class="Action0"><property name="Create_item" value="meleeWpnSledgeT1IronSledgehammerSchematic"/></property></append>
	<append xpath="/items/item[@name='meleeWpnSledgeT3SteelSledgehammerSchematic']">
		<property class="Action0"><property name="Create_item" value="meleeWpnSledgeT3SteelSledgehammerSchematic"/></property></append>
	<append xpath="/items/item[@name='meleeWpnBladeT1HuntingKnifeSchematic']">
		<property class="Action0"><property name="Create_item" value="meleeWpnBladeT1HuntingKnifeSchematic"/></property></append>
	<append xpath="/items/item[@name='meleeWpnBladeT3MacheteSchematic']">
		<property class="Action0"><property name="Create_item" value="meleeWpnBladeT3MacheteSchematic"/></property></append>
	<append xpath="/items/item[@name='meleeWpnBatonT2StunBatonSchematic']">
		<property class="Action0"><property name="Create_item" value="meleeWpnBatonT2StunBatonSchematic"/></property></append>
	<append xpath="/items/item[@name='meleeToolIronSetSchematic']">
		<property class="Action0"><property name="Create_item" value="meleeToolIronSetSchematic"/></property></append>
	<append xpath="/items/item[@name='meleeToolSteelSetSchematic']">
		<property class="Action0"><property name="Create_item" value="meleeToolSteelSetSchematic"/></property></append>
	<append xpath="/items/item[@name='meleeToolSalvageT1WrenchSchematic']">
		<property class="Action0"><property name="Create_item" value="meleeToolSalvageT1WrenchSchematic"/></property></append>
	<append xpath="/items/item[@name='meleeToolSalvageT2RatchetSchematic']">
		<property class="Action0"><property name="Create_item" value="meleeToolSalvageT2RatchetSchematic"/></property></append>
	<append xpath="/items/item[@name='meleeToolSalvageT3ImpactDriverSchematic']">
		<property class="Action0"><property name="Create_item" value="meleeToolSalvageT3ImpactDriverSchematic"/></property></append>
	<append xpath="/items/item[@name='meleeToolPickT3AugerSchematic']">
		<property class="Action0"><property name="Create_item" value="meleeToolPickT3AugerSchematic"/></property></append>
	<append xpath="/items/item[@name='meleeToolAxeT3ChainsawSchematic']">
		<property class="Action0"><property name="Create_item" value="meleeToolAxeT3ChainsawSchematic"/></property></append>
	<append xpath="/items/item[@name='meleeWpnSpearT1IronSpearSchematic']">
		<property class="Action0"><property name="Create_item" value="meleeWpnSpearT1IronSpearSchematic"/></property></append>
	<append xpath="/items/item[@name='meleeWpnKnucklesT1IronKnucklesSchematic']">
		<property class="Action0"><property name="Create_item" value="meleeWpnKnucklesT1IronKnucklesSchematic"/></property></append>
	<append xpath="/items/item[@name='meleeWpnKnucklesT3SteelKnucklesSchematic']">
		<property class="Action0"><property name="Create_item" value="meleeWpnKnucklesT3SteelKnucklesSchematic"/></property></append>
	<append xpath="/items/item[@name='gunBowT1WoodenBowSchematic']">
		<property class="Action0"><property name="Create_item" value="gunBowT1WoodenBowSchematic"/></property></append>
	<append xpath="/items/item[@name='gunBowT3CompoundBowSchematic']">
		<property class="Action0"><property name="Create_item" value="gunBowT3CompoundBowSchematic"/></property></append>
	<append xpath="/items/item[@name='gunBowT1IronCrossbowSchematic']">
		<property class="Action0"><property name="Create_item" value="gunBowT1IronCrossbowSchematic"/></property></append>
	<append xpath="/items/item[@name='gunBowT3CompoundCrossbowSchematic']">
		<property class="Action0"><property name="Create_item" value="gunBowT3CompoundCrossbowSchematic"/></property></append>
	<append xpath="/items/item[@name='gunHandgunT1PistolSchematic']">
		<property class="Action0"><property name="Create_item" value="gunHandgunT1PistolSchematic"/></property></append>
	<append xpath="/items/item[@name='gunHandgunT2Magnum44Schematic']">
		<property class="Action0"><property name="Create_item" value="gunHandgunT2Magnum44Schematic"/></property></append>
	<append xpath="/items/item[@name='gunHandgunT3DesertVultureSchematic']">
		<property class="Action0"><property name="Create_item" value="gunHandgunT3DesertVultureSchematic"/></property></append>
	<append xpath="/items/item[@name='gunShotgunT1DoubleBarrelSchematic']">
		<property class="Action0"><property name="Create_item" value="gunShotgunT1DoubleBarrelSchematic"/></property></append>
	<append xpath="/items/item[@name='gunShotgunT2PumpShotgunSchematic']">
		<property class="Action0"><property name="Create_item" value="gunShotgunT2PumpShotgunSchematic"/></property></append>
	<append xpath="/items/item[@name='gunShotgunT3AutoShotgunSchematic']">
		<property class="Action0"><property name="Create_item" value="gunShotgunT3AutoShotgunSchematic"/></property></append>
	<append xpath="/items/item[@name='gunHandgunT3SMG5Schematic']">
		<property class="Action0"><property name="Create_item" value="gunHandgunT3SMG5Schematic"/></property></append>
	<append xpath="/items/item[@name='gunMGT1AK47Schematic']">
		<property class="Action0"><property name="Create_item" value="gunMGT1AK47Schematic"/></property></append>
	<append xpath="/items/item[@name='gunMGT2TacticalARSchematic']">
		<property class="Action0"><property name="Create_item" value="gunMGT2TacticalARSchematic"/></property></append>
	<append xpath="/items/item[@name='gunMGT3M60Schematic']">
		<property class="Action0"><property name="Create_item" value="gunMGT3M60Schematic"/></property></append>
	<append xpath="/items/item[@name='gunRifleT1HuntingRifleSchematic']">
		<property class="Action0"><property name="Create_item" value="gunRifleT1HuntingRifleSchematic"/></property></append>
	<append xpath="/items/item[@name='gunRifleT2MarksmanRifleSchematic']">
		<property class="Action0"><property name="Create_item" value="gunRifleT2MarksmanRifleSchematic"/></property></append>
	<append xpath="/items/item[@name='gunRifleT3SniperRifleSchematic']">
		<property class="Action0"><property name="Create_item" value="gunRifleT3SniperRifleSchematic"/></property></append>		
	<append xpath="/items/item[@name='gunExplosivesT3RocketLauncherSchematic']">
		<property class="Action0"><property name="Create_item" value="gunExplosivesT3RocketLauncherSchematic"/></property></append>
	<append xpath="/items/item[@name='gunBotT1JunkSledgeSchematic']">
		<property class="Action0"><property name="Create_item" value="gunBotT1JunkSledgeSchematic"/></property></append>		
	<append xpath="/items/item[@name='gunBotT2JunkTurretSchematic']">
		<property class="Action0"><property name="Create_item" value="gunBotT2JunkTurretSchematic"/></property></append>
	<append xpath="/items/item[@name='armorLeatherSetSchematic']">
		<property class="Action0"><property name="Create_item" value="armorLeatherSetSchematic"/></property></append>
	<append xpath="/items/item[@name='armorMilitarySetSchematic']">
		<property class="Action0"><property name="Create_item" value="armorMilitarySetSchematic"/></property></append>
	<append xpath="/items/item[@name='resourceMilitaryFiberSchematic']">
		<property class="Action0"><property name="Create_item" value="resourceMilitaryFiberSchematic"/></property></append>
	<append xpath="/items/item[@name='armorIronSetSchematic']">
		<property class="Action0"><property name="Create_item" value="armorIronSetSchematic"/></property></append>		
	<append xpath="/items/item[@name='armorSteelSetSchematic']">
		<property class="Action0"><property name="Create_item" value="armorSteelSetSchematic"/></property></append>
	<append xpath="/items/item[@name='thrownAmmoPipeBombSchematic']">
		<property class="Action0"><property name="Create_item" value="thrownAmmoPipeBombSchematic"/></property></append>		
	<append xpath="/items/item[@name='thrownGrenadeContactSchematic']">
		<property class="Action0"><property name="Create_item" value="thrownGrenadeContactSchematic"/></property></append>
	<append xpath="/items/item[@name='thrownGrenadeSchematic']">
		<property class="Action0"><property name="Create_item" value="thrownGrenadeSchematic"/></property></append>
	<append xpath="/items/item[@name='thrownDynamiteSchematic']">
		<property class="Action0"><property name="Create_item" value="thrownDynamiteSchematic"/></property></append>
	<append xpath="/items/item[@name='meleeToolRepairT3NailgunSchematic']">
		<property class="Action0"><property name="Create_item" value="meleeToolRepairT3NailgunSchematic"/></property></append>
	<append xpath="/items/item[@name='medicalFirstAidBandageSchematic']">
		<property class="Action0"><property name="Create_item" value="medicalFirstAidBandageSchematic"/></property></append>		
	<append xpath="/items/item[@name='medicalFirstAidKitSchematic']">
		<property class="Action0"><property name="Create_item" value="medicalFirstAidKitSchematic"/></property></append>
	<append xpath="/items/item[@name='medicalPlasterCastSchematic']">
		<property class="Action0"><property name="Create_item" value="medicalPlasterCastSchematic"/></property></append>		
	<append xpath="/items/item[@name='toolBellowsSchematic']">
		<property class="Action0"><property name="Create_item" value="toolBellowsSchematic"/></property></append>
	<append xpath="/items/item[@name='toolForgeCrucibleSchematic']">
		<property class="Action0"><property name="Create_item" value="toolForgeCrucibleSchematic"/></property></append>
	<append xpath="/items/item[@name='toolAnvilSchematic']">
		<property class="Action0"><property name="Create_item" value="toolAnvilSchematic"/></property></append>
	<append xpath="/items/item[@name='cementMixerSchematic']">
		<property class="Action0"><property name="Create_item" value="cementMixerSchematic"/></property></append>
	<append xpath="/items/item[@name='workbenchSchematic']">
		<property class="Action0"><property name="Create_item" value="workbenchSchematic"/></property></append>		
	<append xpath="/items/item[@name='forgeSchematic']">
		<property class="Action0"><property name="Create_item" value="forgeSchematic"/></property></append>
	<append xpath="/items/item[@name='chemistryStationSchematic']">
		<property class="Action0"><property name="Create_item" value="chemistryStationSchematic"/></property></append>		
	<append xpath="/items/item[@name='vehicleBicycleChassisSchematic']">
		<property class="Action0"><property name="Create_item" value="vehicleBicycleChassisSchematic"/></property></append>
	<append xpath="/items/item[@name='vehicleBicycleHandlebarsSchematic']">
		<property class="Action0"><property name="Create_item" value="vehicleBicycleHandlebarsSchematic"/></property></append>
	<append xpath="/items/item[@name='vehicleMinibikeChassisSchematic']">
		<property class="Action0"><property name="Create_item" value="vehicleMinibikeChassisSchematic"/></property></append>
	<append xpath="/items/item[@name='vehicleMinibikeHandlebarsSchematic']">
		<property class="Action0"><property name="Create_item" value="vehicleMinibikeHandlebarsSchematic"/></property></append>
	<append xpath="/items/item[@name='vehicleMotorcycleChassisSchematic']">
		<property class="Action0"><property name="Create_item" value="vehicleMotorcycleChassisSchematic"/></property></append>		
	<append xpath="/items/item[@name='vehicleMotorcycleHandlebarsSchematic']">
		<property class="Action0"><property name="Create_item" value="vehicleMotorcycleHandlebarsSchematic"/></property></append>
	<append xpath="/items/item[@name='vehicle4x4TruckChassisSchematic']">
		<property class="Action0"><property name="Create_item" value="vehicle4x4TruckChassisSchematic"/></property></append>		
	<append xpath="/items/item[@name='vehicle4x4TruckAccessoriesSchematic']">
		<property class="Action0"><property name="Create_item" value="vehicle4x4TruckAccessoriesSchematic"/></property></append>
	<append xpath="/items/item[@name='vehicleGyroCopterChassisSchematic']">
		<property class="Action0"><property name="Create_item" value="vehicleGyroCopterChassisSchematic"/></property></append>
	<append xpath="/items/item[@name='vehicleGyroCopterAccessoriesSchematic']">
		<property class="Action0"><property name="Create_item" value="vehicleGyroCopterAccessoriesSchematic"/></property></append>
	<append xpath="/items/item[@name='generatorbankSchematic']">
		<property class="Action0"><property name="Create_item" value="generatorbankSchematic"/></property></append>
	<append xpath="/items/item[@name='pressureplateSchematic']">
		<property class="Action0"><property name="Create_item" value="pressureplateSchematic"/></property></append>		
	<append xpath="/items/item[@name='poweredDoorsSchematic']">
		<property class="Action0"><property name="Create_item" value="poweredDoorsSchematic"/></property></append>
	<append xpath="/items/item[@name='bladeTrapSchematic']">
		<property class="Action0"><property name="Create_item" value="bladeTrapSchematic"/></property></append>		
	<append xpath="/items/item[@name='dartTrapSchematic']">
		<property class="Action0"><property name="Create_item" value="dartTrapSchematic"/></property></append>
	<append xpath="/items/item[@name='shotgunTurretSchematic']">
		<property class="Action0"><property name="Create_item" value="shotgunTurretSchematic"/></property></append>
	<append xpath="/items/item[@name='autoTurretSchematic']">
		<property class="Action0"><property name="Create_item" value="autoTurretSchematic"/></property></append>
	<append xpath="/items/item[@name='electricfencepostSchematic']">
		<property class="Action0"><property name="Create_item" value="electricfencepostSchematic"/></property></append>
	<append xpath="/items/item[@name='motionsensorSchematic']">
		<property class="Action0"><property name="Create_item" value="motionsensorSchematic"/></property></append>		
	<append xpath="/items/item[@name='speakerSchematic']">
		<property class="Action0"><property name="Create_item" value="speakerSchematic"/></property></append>
	<append xpath="/items/item[@name='spotlightPlayerSchematic']">
		<property class="Action0"><property name="Create_item" value="spotlightPlayerSchematic"/></property></append>		
	<append xpath="/items/item[@name='switchSchematic']">
		<property class="Action0"><property name="Create_item" value="switchSchematic"/></property></append>
	<append xpath="/items/item[@name='batterybankSchematic']">
		<property class="Action0"><property name="Create_item" value="batterybankSchematic"/></property></append>
	<append xpath="/items/item[@name='electrictimerrelaySchematic']">
		<property class="Action0"><property name="Create_item" value="electrictimerrelaySchematic"/></property></append>
		
<!--Mod Schematics-->
	<append xpath="/items/item[@name='modGunBarrelExtenderSchematic']">
		<property class="Action0"><property name="Create_item" value="modGunBarrelExtenderSchematic"/></property></append>
	<append xpath="/items/item[@name='modGunMuzzleBrakeSchematic']">
		<property class="Action0"><property name="Create_item" value="modGunMuzzleBrakeSchematic"/></property></append>
	<append xpath="/items/item[@name='modGunSoundSuppressorSilencerSchematic']">
		<property class="Action0"><property name="Create_item" value="modGunSoundSuppressorSilencerSchematic"/></property></append>		
	<append xpath="/items/item[@name='modGunLaserSightSchematic']">
		<property class="Action0"><property name="Create_item" value="modGunLaserSightSchematic"/></property></append>
	<append xpath="/items/item[@name='modGunFlashlightSchematic']">
		<property class="Action0"><property name="Create_item" value="modGunFlashlightSchematic"/></property></append>
	<append xpath="/items/item[@name='modGunScopeSmallSchematic']">
		<property class="Action0"><property name="Create_item" value="modGunScopeSmallSchematic"/></property></append>
	<append xpath="/items/item[@name='modGunScopeMediumSchematic']">
		<property class="Action0"><property name="Create_item" value="modGunScopeMediumSchematic"/></property></append>
	<append xpath="/items/item[@name='modGunScopeLargeSchematic']">
		<property class="Action0"><property name="Create_item" value="modGunScopeLargeSchematic"/></property></append>
	<append xpath="/items/item[@name='modGunReflexSightSchematic']">
		<property class="Action0"><property name="Create_item" value="modGunReflexSightSchematic"/></property></append>		
	<append xpath="/items/item[@name='modGunTriggerGroupSemiSchematic']">
		<property class="Action0"><property name="Create_item" value="modGunTriggerGroupSemiSchematic"/></property></append>
	<append xpath="/items/item[@name='modGunTriggerGroupBurst3Schematic']">
		<property class="Action0"><property name="Create_item" value="modGunTriggerGroupBurst3Schematic"/></property></append>
	<append xpath="/items/item[@name='modGunTriggerGroupAutomaticSchematic']">
		<property class="Action0"><property name="Create_item" value="modGunTriggerGroupAutomaticSchematic"/></property></append>
	<append xpath="/items/item[@name='modGunBipodSchematic']">
		<property class="Action0"><property name="Create_item" value="modGunBipodSchematic"/></property></append>
	<append xpath="/items/item[@name='modGunForegripSchematic']">
		<property class="Action0"><property name="Create_item" value="modGunForegripSchematic"/></property></append>
	<append xpath="/items/item[@name='modGunRetractingStockSchematic']">
		<property class="Action0"><property name="Create_item" value="modGunRetractingStockSchematic"/></property></append>		
	<append xpath="/items/item[@name='modGunDuckbillSchematic']">
		<property class="Action0"><property name="Create_item" value="modGunDuckbillSchematic"/></property></append>
	<append xpath="/items/item[@name='modGunChokeSchematic']">
		<property class="Action0"><property name="Create_item" value="modGunChokeSchematic"/></property></append>
	<append xpath="/items/item[@name='modGunMagazineExtenderSchematic']">
		<property class="Action0"><property name="Create_item" value="modGunMagazineExtenderSchematic"/></property></append>
	<append xpath="/items/item[@name='modShotgunSawedOffBarrelSchematic']">
		<property class="Action0"><property name="Create_item" value="modShotgunSawedOffBarrelSchematic"/></property></append>
	<append xpath="/items/item[@name='modGunCrippleEmSchematic']">
		<property class="Action0"><property name="Create_item" value="modGunCrippleEmSchematic"/></property></append>
	<append xpath="/items/item[@name='modGunBowPolymerStringSchematic']">
		<property class="Action0"><property name="Create_item" value="modGunBowPolymerStringSchematic"/></property></append>		
	<append xpath="/items/item[@name='modGunBowArrowRestSchematic']">
		<property class="Action0"><property name="Create_item" value="modGunBowArrowRestSchematic"/></property></append>
	<append xpath="/items/item[@name='modGunMeleeTheHunterSchematic']">
		<property class="Action0"><property name="Create_item" value="modGunMeleeTheHunterSchematic"/></property></append>
	<append xpath="/items/item[@name='modGunMeleeRadRemoverSchematic']">
		<property class="Action0"><property name="Create_item" value="modGunMeleeRadRemoverSchematic"/></property></append>
	<append xpath="/items/item[@name='modGunMeleeBlessedMetalSchematic']">
		<property class="Action0"><property name="Create_item" value="modGunMeleeBlessedMetalSchematic"/></property></append>
	<append xpath="/items/item[@name='modMeleeTemperedBladeSchematic']">
		<property class="Action0"><property name="Create_item" value="modMeleeTemperedBladeSchematic"/></property></append>
	<append xpath="/items/item[@name='modMeleeSerratedBladeSchematic']">
		<property class="Action0"><property name="Create_item" value="modMeleeSerratedBladeSchematic"/></property></append>		
	<append xpath="/items/item[@name='modMeleeWeightedHeadSchematic']">
		<property class="Action0"><property name="Create_item" value="modMeleeWeightedHeadSchematic"/></property></append>
	<append xpath="/items/item[@name='modMeleeStructuralBraceSchematic']">
		<property class="Action0"><property name="Create_item" value="modMeleeStructuralBraceSchematic"/></property></append>
	<append xpath="/items/item[@name='modMeleeErgonomicGripSchematic']">
		<property class="Action0"><property name="Create_item" value="modMeleeErgonomicGripSchematic"/></property></append>
	<append xpath="/items/item[@name='modMeleeFortifyingGripSchematic']">
		<property class="Action0"><property name="Create_item" value="modMeleeFortifyingGripSchematic"/></property></append>
	<append xpath="/items/item[@name='modMeleeClubBarbedWireSchematic']">
		<property class="Action0"><property name="Create_item" value="modMeleeClubBarbedWireSchematic"/></property></append>
	<append xpath="/items/item[@name='modMeleeClubMetalSpikesSchematic']">
		<property class="Action0"><property name="Create_item" value="modMeleeClubMetalSpikesSchematic"/></property></append>		
	<append xpath="/items/item[@name='modMeleeGraveDiggerSchematic']">
		<property class="Action0"><property name="Create_item" value="modMeleeGraveDiggerSchematic"/></property></append>
	<append xpath="/items/item[@name='modMeleeBunkerBusterSchematic']">
		<property class="Action0"><property name="Create_item" value="modMeleeBunkerBusterSchematic"/></property></append>
	<append xpath="/items/item[@name='modMeleeIronBreakerSchematic']">
		<property class="Action0"><property name="Create_item" value="modMeleeIronBreakerSchematic"/></property></append>
	<append xpath="/items/item[@name='modMeleeWoodSplitterSchematic']">
		<property class="Action0"><property name="Create_item" value="modMeleeWoodSplitterSchematic"/></property></append>
	<append xpath="/items/item[@name='modMeleeClubBurningShaftSchematic']">
		<property class="Action0"><property name="Create_item" value="modMeleeClubBurningShaftSchematic"/></property></append>
	<append xpath="/items/item[@name='modArmorInsulatedLinerSchematic']">
		<property class="Action0"><property name="Create_item" value="modArmorInsulatedLinerSchematic"/></property></append>		
	<append xpath="/items/item[@name='modArmorCoolingMeshSchematic']">
		<property class="Action0"><property name="Create_item" value="modArmorCoolingMeshSchematic"/></property></append>
	<append xpath="/items/item[@name='modArmorImprovedFittingsSchematic']">
		<property class="Action0"><property name="Create_item" value="modArmorImprovedFittingsSchematic"/></property></append>
	<append xpath="/items/item[@name='modArmorCustomizedFittingsSchematic']">
		<property class="Action0"><property name="Create_item" value="modArmorCustomizedFittingsSchematic"/></property></append>
	<append xpath="/items/item[@name='modArmorPlatingBasicSchematic']">
		<property class="Action0"><property name="Create_item" value="modArmorPlatingBasicSchematic"/></property></append>
	<append xpath="/items/item[@name='modArmorPlatingReinforcedSchematic']">
		<property class="Action0"><property name="Create_item" value="modArmorPlatingReinforcedSchematic"/></property></append>
	<append xpath="/items/item[@name='modArmorStoragePocketSchematic']">
		<property class="Action0"><property name="Create_item" value="modArmorStoragePocketSchematic"/></property></append>		
	<append xpath="/items/item[@name='modArmorDoubleStoragePocketSchematic']">
		<property class="Action0"><property name="Create_item" value="modArmorDoubleStoragePocketSchematic"/></property></append>
	<append xpath="/items/item[@name='modArmorTripleStoragePocketSchematic']">
		<property class="Action0"><property name="Create_item" value="modArmorTripleStoragePocketSchematic"/></property></append>
	<append xpath="/items/item[@name='modArmorMuffledConnectorsSchematic']">
		<property class="Action0"><property name="Create_item" value="modArmorMuffledConnectorsSchematic"/></property></append>
	<append xpath="/items/item[@name='modArmorAdvancedMuffledConnectorsSchematic']">
		<property class="Action0"><property name="Create_item" value="modArmorAdvancedMuffledConnectorsSchematic"/></property></append>
	<append xpath="/items/item[@name='modArmorImpactBracingSchematic']">
		<property class="Action0"><property name="Create_item" value="modArmorImpactBracingSchematic"/></property></append>
	<append xpath="/items/item[@name='modArmorBandolierSchematic']">
		<property class="Action0"><property name="Create_item" value="modArmorBandolierSchematic"/></property></append>		
	<append xpath="/items/item[@name='modArmorWaterPurifierSchematic']">
		<property class="Action0"><property name="Create_item" value="modArmorWaterPurifierSchematic"/></property></append>
	<append xpath="/items/item[@name='modArmorHelmetLightSchematic']">
		<property class="Action0"><property name="Create_item" value="modArmorHelmetLightSchematic"/></property></append>
	<append xpath="/items/item[@name='modFuelTankSmallSchematic']">
		<property class="Action0"><property name="Create_item" value="modFuelTankSmallSchematic"/></property></append>
	<append xpath="/items/item[@name='modFuelTankLargeSchematic']">
		<property class="Action0"><property name="Create_item" value="modFuelTankLargeSchematic"/></property></append>
		
<!--Other Schematics-->
	<append xpath="/items/item[@name='ammoGasCanSchematic']">
		<property class="Action0"><property name="Create_item" value="ammoGasCanSchematic"/></property></append>
	<append xpath="/items/item[@name='resourceOilSchematic']">
		<property class="Action0"><property name="Create_item" value="resourceOilSchematic"/></property></append>		
	<append xpath="/items/item[@name='drugAntibioticsSchematic']">
		<property class="Action0"><property name="Create_item" value="drugAntibioticsSchematic"/></property></append>
	<append xpath="/items/item[@name='drugHerbalAntibioticsSchematic']">
		<property class="Action0"><property name="Create_item" value="drugHerbalAntibioticsSchematic"/></property></append>
	<append xpath="/items/item[@name='foodCanShamSchematic']">
		<property class="Action0"><property name="Create_item" value="foodCanShamSchematic"/></property></append>
	<append xpath="/items/item[@name='drinkJarBeerSchematic']">
		<property class="Action0"><property name="Create_item" value="drinkJarBeerSchematic"/></property></append>		
	<append xpath="/items/item[@name='drinkJarCoffeeSchematic']">
		<property class="Action0"><property name="Create_item" value="drinkJarCoffeeSchematic"/></property></append>
	<append xpath="/items/item[@name='drinkJarGoldenRodTeaSchematic']">
		<property class="Action0"><property name="Create_item" value="drinkJarGoldenRodTeaSchematic"/></property></append>		
	<append xpath="/items/item[@name='drinkJarGrandpasAwesomeSauceSchematic']">
		<property class="Action0"><property name="Create_item" value="drinkJarGrandpasAwesomeSauceSchematic"/></property></append>
	<append xpath="/items/item[@name='drinkJarGrandpasLearningElixirSchematic']">
		<property class="Action0"><property name="Create_item" value="drinkJarGrandpasLearningElixirSchematic"/></property></append>
	<append xpath="/items/item[@name='drinkJarGrandpasMoonshineSchematic']">
		<property class="Action0"><property name="Create_item" value="drinkJarGrandpasMoonshineSchematic"/></property></append>
	<append xpath="/items/item[@name='drinkJarRedTeaSchematic']">
		<property class="Action0"><property name="Create_item" value="drinkJarRedTeaSchematic"/></property></append>
	<append xpath="/items/item[@name='drinkYuccaJuiceSmoothieSchematic']">
		<property class="Action0"><property name="Create_item" value="drinkYuccaJuiceSmoothieSchematic"/></property></append>
	<append xpath="/items/item[@name='foodBaconAndEggsSchematic']">
		<property class="Action0"><property name="Create_item" value="foodBaconAndEggsSchematic"/></property></append>		
	<append xpath="/items/item[@name='foodBakedPotatoSchematic']">
		<property class="Action0"><property name="Create_item" value="foodBakedPotatoSchematic"/></property></append>
	<append xpath="/items/item[@name='foodBlueberryPieSchematic']">
		<property class="Action0"><property name="Create_item" value="foodBlueberryPieSchematic"/></property></append>
	<append xpath="/items/item[@name='foodPumpkinPieSchematic']">
		<property class="Action0"><property name="Create_item" value="foodPumpkinPieSchematic"/></property></append>
	<append xpath="/items/item[@name='foodPumpkinCheesecakeSchematic']">
		<property class="Action0"><property name="Create_item" value="foodPumpkinCheesecakeSchematic"/></property></append>		
	<append xpath="/items/item[@name='foodPumpkinBreadSchematic']">
		<property class="Action0"><property name="Create_item" value="foodPumpkinBreadSchematic"/></property></append>
	<append xpath="/items/item[@name='foodGumboStewSchematic']">
		<property class="Action0"><property name="Create_item" value="foodGumboStewSchematic"/></property></append>		
	<append xpath="/items/item[@name='foodShepardsPieSchematic']">
		<property class="Action0"><property name="Create_item" value="foodShepardsPieSchematic"/></property></append>
	<append xpath="/items/item[@name='foodSpaghettiSchematic']">
		<property class="Action0"><property name="Create_item" value="foodSpaghettiSchematic"/></property></append>
	<append xpath="/items/item[@name='foodTunaFishGravyToastSchematic']">
		<property class="Action0"><property name="Create_item" value="foodTunaFishGravyToastSchematic"/></property></append>
	<append xpath="/items/item[@name='foodBoiledMeatSchematic']">
		<property class="Action0"><property name="Create_item" value="foodBoiledMeatSchematic"/></property></append>
	<append xpath="/items/item[@name='foodChiliDogSchematic']">
		<property class="Action0"><property name="Create_item" value="foodChiliDogSchematic"/></property></append>
	<append xpath="/items/item[@name='foodCornBreadSchematic']">
		<property class="Action0"><property name="Create_item" value="foodCornBreadSchematic"/></property></append>		
	<append xpath="/items/item[@name='foodCornOnTheCobSchematic']">
		<property class="Action0"><property name="Create_item" value="foodCornOnTheCobSchematic"/></property></append>
	<append xpath="/items/item[@name='foodFishTacosSchematic']">
		<property class="Action0"><property name="Create_item" value="foodFishTacosSchematic"/></property></append>
	<append xpath="/items/item[@name='foodGrilledMeatSchematic']">
		<property class="Action0"><property name="Create_item" value="foodGrilledMeatSchematic"/></property></append>
	<append xpath="/items/item[@name='foodHoboStewSchematic']">
		<property class="Action0"><property name="Create_item" value="foodHoboStewSchematic"/></property></append>		
	<append xpath="/items/item[@name='foodMeatStewSchematic']">
		<property class="Action0"><property name="Create_item" value="foodMeatStewSchematic"/></property></append>
	<append xpath="/items/item[@name='foodShamChowderSchematic']">
		<property class="Action0"><property name="Create_item" value="foodShamChowderSchematic"/></property></append>		
	<append xpath="/items/item[@name='foodSteakAndPotatoSchematic']">
		<property class="Action0"><property name="Create_item" value="foodSteakAndPotatoSchematic"/></property></append>
	<append xpath="/items/item[@name='foodVegetableStewSchematic']">
		<property class="Action0"><property name="Create_item" value="foodVegetableStewSchematic"/></property></append>
	<append xpath="/items/item[@name='plantedAloe1Schematic']">
		<property class="Action0"><property name="Create_item" value="plantedAloe1Schematic"/></property></append>
	<append xpath="/items/item[@name='plantedBlueberry1Schematic']">
		<property class="Action0"><property name="Create_item" value="plantedBlueberry1Schematic"/></property></append>
	<append xpath="/items/item[@name='plantedChrysanthemum1Schematic']">
		<property class="Action0"><property name="Create_item" value="plantedChrysanthemum1Schematic"/></property></append>
	<append xpath="/items/item[@name='plantedCoffee1Schematic']">
		<property class="Action0"><property name="Create_item" value="plantedCoffee1Schematic"/></property></append>
	<append xpath="/items/item[@name='plantedCorn1Schematic']">
		<property class="Action0"><property name="Create_item" value="plantedCorn1Schematic"/></property></append>
	<append xpath="/items/item[@name='plantedCotton1Schematic']">
		<property class="Action0"><property name="Create_item" value="plantedCotton1Schematic"/></property></append>
	<append xpath="/items/item[@name='plantedGoldenrod1Schematic']">
		<property class="Action0"><property name="Create_item" value="plantedGoldenrod1Schematic"/></property></append>
	<append xpath="/items/item[@name='plantedGraceCorn1Schematic']">
		<property class="Action0"><property name="Create_item" value="plantedGraceCorn1Schematic"/></property></append>
	<append xpath="/items/item[@name='plantedHop1Schematic']">
		<property class="Action0"><property name="Create_item" value="plantedHop1Schematic"/></property></append>
	<append xpath="/items/item[@name='plantedMushroom1Schematic']">
		<property class="Action0"><property name="Create_item" value="plantedMushroom1Schematic"/></property></append>
	<append xpath="/items/item[@name='plantedPotato1Schematic']">
		<property class="Action0"><property name="Create_item" value="plantedPotato1Schematic"/></property></append>
	<append xpath="/items/item[@name='plantedYucca1Schematic']">
		<property class="Action0"><property name="Create_item" value="plantedYucca1Schematic"/></property></append>
	<append xpath="/items/item[@name='plantedPumpkin1Schematic']">
		<property class="Action0"><property name="Create_item" value="plantedPumpkin1Schematic"/></property></append>


<!--Books-->		
	<append xpath="/items/item[@name='bookFiremansAlmanacHeat']">
		<property class="Action0"><property name="Create_item" value="bookFiremansAlmanacHeat"/></property></append>
	<append xpath="/items/item[@name='bookFiremansAlmanacAxes']">
		<property class="Action0"><property name="Create_item" value="bookFiremansAlmanacAxes"/></property></append>
	<append xpath="/items/item[@name='bookFiremansAlmanacSpeed']">
		<property class="Action0"><property name="Create_item" value="bookFiremansAlmanacSpeed"/></property></append>
	<append xpath="/items/item[@name='bookFiremansAlmanacMolotov']">
		<property class="Action0"><property name="Create_item" value="bookFiremansAlmanacMolotov"/></property></append>		
	<append xpath="/items/item[@name='bookFiremansAlmanacPrevention']">
		<property class="Action0"><property name="Create_item" value="bookFiremansAlmanacPrevention"/></property></append>		
	<append xpath="/items/item[@name='bookFiremansAlmanacHarvest']">
		<property class="Action0"><property name="Create_item" value="bookFiremansAlmanacHarvest"/></property></append>
	<append xpath="/items/item[@name='bookFiremansAlmanacEquipment']">
		<property class="Action0"><property name="Create_item" value="bookFiremansAlmanacEquipment"/></property></append>
	<append xpath="/items/item[@name='bookNightStalkerStealthDamage']">
		<property class="Action0"><property name="Create_item" value="bookNightStalkerStealthDamage"/></property></append>
	<append xpath="/items/item[@name='bookNightStalkerSilentNight']">
		<property class="Action0"><property name="Create_item" value="bookNightStalkerSilentNight"/></property></append>
	<append xpath="/items/item[@name='bookNightStalkerBlades']">
		<property class="Action0"><property name="Create_item" value="bookNightStalkerBlades"/></property></append>
	<append xpath="/items/item[@name='bookNightStalkerThiefAdrenaline']">
		<property class="Action0"><property name="Create_item" value="bookNightStalkerThiefAdrenaline"/></property></append>		
	<append xpath="/items/item[@name='bookNightStalkerArchery']">
		<property class="Action0"><property name="Create_item" value="bookNightStalkerArchery"/></property></append>
	<append xpath="/items/item[@name='bookNightStalkerTwilightThief']">
		<property class="Action0"><property name="Create_item" value="bookNightStalkerTwilightThief"/></property></append>
	<append xpath="/items/item[@name='bookNightStalkerSlumberParty']">
		<property class="Action0"><property name="Create_item" value="bookNightStalkerSlumberParty"/></property></append>
	<append xpath="/items/item[@name='bookLuckyLooterDukes']">
		<property class="Action0"><property name="Create_item" value="bookLuckyLooterDukes"/></property></append>		
	<append xpath="/items/item[@name='bookLuckyLooterAmmunition']">
		<property class="Action0"><property name="Create_item" value="bookLuckyLooterAmmunition"/></property></append>
	<append xpath="/items/item[@name='bookLuckyLooterBrass']">
		<property class="Action0"><property name="Create_item" value="bookLuckyLooterBrass"/></property></append>		
	<append xpath="/items/item[@name='bookLuckyLooterLead']">
		<property class="Action0"><property name="Create_item" value="bookLuckyLooterLead"/></property></append>
	<append xpath="/items/item[@name='bookLuckyLooterBooks']">
		<property class="Action0"><property name="Create_item" value="bookLuckyLooterBooks"/></property></append>
	<append xpath="/items/item[@name='bookLuckyLooterFood']">
		<property class="Action0"><property name="Create_item" value="bookLuckyLooterFood"/></property></append>
	<append xpath="/items/item[@name='bookLuckyLooterMedical']">
		<property class="Action0"><property name="Create_item" value="bookLuckyLooterMedical"/></property></append>
	<append xpath="/items/item[@name='bookEnforcerDamage']">
		<property class="Action0"><property name="Create_item" value="bookEnforcerDamage"/></property></append>
	<append xpath="/items/item[@name='bookEnforcerApparel']">
		<property class="Action0"><property name="Create_item" value="bookEnforcerApparel"/></property></append>		
	<append xpath="/items/item[@name='bookEnforcerPunks']">
		<property class="Action0"><property name="Create_item" value="bookEnforcerPunks"/></property></append>
	<append xpath="/items/item[@name='bookEnforcerIntimidation']">
		<property class="Action0"><property name="Create_item" value="bookEnforcerIntimidation"/></property></append>
	<append xpath="/items/item[@name='bookEnforcerAPAmmo']">
		<property class="Action0"><property name="Create_item" value="bookEnforcerAPAmmo"/></property></append>
	<append xpath="/items/item[@name='bookEnforcerHPAmmo']">
		<property class="Action0"><property name="Create_item" value="bookEnforcerHPAmmo"/></property></append>		
	<append xpath="/items/item[@name='bookEnforcerCriminalPursuit']">
		<property class="Action0"><property name="Create_item" value="bookEnforcerCriminalPursuit"/></property></append>
	<append xpath="/items/item[@name='bookBatterUpBigHits']">
		<property class="Action0"><property name="Create_item" value="bookBatterUpBigHits"/></property></append>		
	<append xpath="/items/item[@name='bookBatterUpMetalChain']">
		<property class="Action0"><property name="Create_item" value="bookBatterUpMetalChain"/></property></append>
	<append xpath="/items/item[@name='bookBatterUpGear']">
		<property class="Action0"><property name="Create_item" value="bookBatterUpGear"/></property></append>
	<append xpath="/items/item[@name='bookBatterUpSlowPitch']">
		<property class="Action0"><property name="Create_item" value="bookBatterUpSlowPitch"/></property></append>
	<append xpath="/items/item[@name='bookBatterUpKnockdown']">
		<property class="Action0"><property name="Create_item" value="bookBatterUpKnockdown"/></property></append>
	<append xpath="/items/item[@name='bookBatterUpMaintenance']">
		<property class="Action0"><property name="Create_item" value="bookBatterUpMaintenance"/></property></append>
	<append xpath="/items/item[@name='bookBatterUpBaseballBats']">
		<property class="Action0"><property name="Create_item" value="bookBatterUpBaseballBats"/></property></append>		
	<append xpath="/items/item[@name='bookGreatHeistSafes']">
		<property class="Action0"><property name="Create_item" value="bookGreatHeistSafes"/></property></append>
	<append xpath="/items/item[@name='bookGreatHeistGems']">
		<property class="Action0"><property name="Create_item" value="bookGreatHeistGems"/></property></append>
	<append xpath="/items/item[@name='bookGreatHeistTimedCharge']">
		<property class="Action0"><property name="Create_item" value="bookGreatHeistTimedCharge"/></property></append>
	<append xpath="/items/item[@name='bookGreatHeistClaimed']">
		<property class="Action0"><property name="Create_item" value="bookGreatHeistClaimed"/></property></append>		
	<append xpath="/items/item[@name='bookGreatHeistAdrenalineFall']">
		<property class="Action0"><property name="Create_item" value="bookGreatHeistAdrenalineFall"/></property></append>
	<append xpath="/items/item[@name='bookGreatHeistSprintSneak']">
		<property class="Action0"><property name="Create_item" value="bookGreatHeistSprintSneak"/></property></append>		
	<append xpath="/items/item[@name='bookGreatHeistMotionDetection']">
		<property class="Action0"><property name="Create_item" value="bookGreatHeistMotionDetection"/></property></append>
	<append xpath="/items/item[@name='bookWasteTreasuresHoney']">
		<property class="Action0"><property name="Create_item" value="bookWasteTreasuresHoney"/></property></append>
	<append xpath="/items/item[@name='bookWasteTreasuresCoffins']">
		<property class="Action0"><property name="Create_item" value="bookWasteTreasuresCoffins"/></property></append>
	<append xpath="/items/item[@name='bookWasteTreasuresAcid']">
		<property class="Action0"><property name="Create_item" value="bookWasteTreasuresAcid"/></property></append>
	<append xpath="/items/item[@name='bookWasteTreasuresWater']">
		<property class="Action0"><property name="Create_item" value="bookWasteTreasuresWater"/></property></append>
	<append xpath="/items/item[@name='bookWasteTreasuresDoors']">
		<property class="Action0"><property name="Create_item" value="bookWasteTreasuresDoors"/></property></append>		
	<append xpath="/items/item[@name='bookWasteTreasuresCloth']">
		<property class="Action0"><property name="Create_item" value="bookWasteTreasuresCloth"/></property></append>
	<append xpath="/items/item[@name='bookWasteTreasuresSinks']">
		<property class="Action0"><property name="Create_item" value="bookWasteTreasuresSinks"/></property></append>
	<append xpath="/items/item[@name='bookNeedleAndThreadWinterWear']">
		<property class="Action0"><property name="Create_item" value="bookNeedleAndThreadWinterWear"/></property></append>
	<append xpath="/items/item[@name='bookNeedleAndThreadLegwear']">
		<property class="Action0"><property name="Create_item" value="bookNeedleAndThreadLegwear"/></property></append>		
	<append xpath="/items/item[@name='bookNeedleAndThreadFootwear']">
		<property class="Action0"><property name="Create_item" value="bookNeedleAndThreadFootwear"/></property></append>		
	<append xpath="/items/item[@name='bookNeedleAndThreadDesertWear']">
		<property class="Action0"><property name="Create_item" value="bookNeedleAndThreadDesertWear"/></property></append>
	<append xpath="/items/item[@name='bookNeedleAndThreadDusters']">
		<property class="Action0"><property name="Create_item" value="bookNeedleAndThreadDusters"/></property></append>
	<append xpath="/items/item[@name='bookNeedleAndThreadPufferCoats']">
		<property class="Action0"><property name="Create_item" value="bookNeedleAndThreadPufferCoats"/></property></append>
	<append xpath="/items/item[@name='bookNeedleAndThreadPockets']">
		<property class="Action0"><property name="Create_item" value="bookNeedleAndThreadPockets"/></property></append>
	<append xpath="/items/item[@name='bookHuntingJournalBears']">
		<property class="Action0"><property name="Create_item" value="bookHuntingJournalBears"/></property></append>
	<append xpath="/items/item[@name='bookHuntingJournalWolves']">
		<property class="Action0"><property name="Create_item" value="bookHuntingJournalWolves"/></property></append>		
	<append xpath="/items/item[@name='bookHuntingJournalCoyotes']">
		<property class="Action0"><property name="Create_item" value="bookHuntingJournalCoyotes"/></property></append>
	<append xpath="/items/item[@name='bookHuntingJournalMountainLions']">
		<property class="Action0"><property name="Create_item" value="bookHuntingJournalMountainLions"/></property></append>
	<append xpath="/items/item[@name='bookHuntingJournalDeer']">
		<property class="Action0"><property name="Create_item" value="bookHuntingJournalDeer"/></property></append>
	<append xpath="/items/item[@name='bookHuntingJournalVultures']">
		<property class="Action0"><property name="Create_item" value="bookHuntingJournalVultures"/></property></append>		
	<append xpath="/items/item[@name='bookHuntingJournalSelfDefense']">
		<property class="Action0"><property name="Create_item" value="bookHuntingJournalSelfDefense"/></property></append>
	<append xpath="/items/item[@name='bookArtOfMiningLuckyStrike']">
		<property class="Action0"><property name="Create_item" value="bookArtOfMiningLuckyStrike"/></property></append>		
	<append xpath="/items/item[@name='bookArtOfMiningDiamondTools']">
		<property class="Action0"><property name="Create_item" value="bookArtOfMiningDiamondTools"/></property></append>
	<append xpath="/items/item[@name='bookArtOfMiningPallets']">
		<property class="Action0"><property name="Create_item" value="bookArtOfMiningPallets"/></property></append>
	<append xpath="/items/item[@name='bookArtOfMiningCoffee']">
		<property class="Action0"><property name="Create_item" value="bookArtOfMiningCoffee"/></property></append>
	<append xpath="/items/item[@name='bookArtOfMiningBlackStrap']">
		<property class="Action0"><property name="Create_item" value="bookArtOfMiningBlackStrap"/></property></append>
	<append xpath="/items/item[@name='bookArtOfMiningAvalanche']">
		<property class="Action0"><property name="Create_item" value="bookArtOfMiningAvalanche"/></property></append>
	<append xpath="/items/item[@name='bookArtOfMiningLantern']">
		<property class="Action0"><property name="Create_item" value="bookArtOfMiningLantern"/></property></append>		
	<append xpath="/items/item[@name='bookRangersArrowRecovery']">
		<property class="Action0"><property name="Create_item" value="bookRangersArrowRecovery"/></property></append>
	<append xpath="/items/item[@name='bookRangersExplodingBolts']">
		<property class="Action0"><property name="Create_item" value="bookRangersExplodingBolts"/></property></append>
	<append xpath="/items/item[@name='bookRangersCripplingShot']">
		<property class="Action0"><property name="Create_item" value="bookRangersCripplingShot"/></property></append>
	<append xpath="/items/item[@name='bookRangersAPAmmo']">
		<property class="Action0"><property name="Create_item" value="bookRangersAPAmmo"/></property></append>		
	<append xpath="/items/item[@name='bookRangersFlamingArrows']">
		<property class="Action0"><property name="Create_item" value="bookRangersFlamingArrows"/></property></append>
	<append xpath="/items/item[@name='bookRangersForestGuide']">
		<property class="Action0"><property name="Create_item" value="bookRangersForestGuide"/></property></append>		
	<append xpath="/items/item[@name='bookRangersKnockdown']">
		<property class="Action0"><property name="Create_item" value="bookRangersKnockdown"/></property></append>
	<append xpath="/items/item[@name='bookPistolPeteTakeAim']">
		<property class="Action0"><property name="Create_item" value="bookPistolPeteTakeAim"/></property></append>
	<append xpath="/items/item[@name='bookPistolPeteSwissKnees']">
		<property class="Action0"><property name="Create_item" value="bookPistolPeteSwissKnees"/></property></append>
	<append xpath="/items/item[@name='bookPistolPeteSteadyHand']">
		<property class="Action0"><property name="Create_item" value="bookPistolPeteSteadyHand"/></property></append>
	<append xpath="/items/item[@name='bookPistolPeteMaintenance']">
		<property class="Action0"><property name="Create_item" value="bookPistolPeteMaintenance"/></property></append>
	<append xpath="/items/item[@name='bookPistolPeteHPAmmo']">
		<property class="Action0"><property name="Create_item" value="bookPistolPeteHPAmmo"/></property></append>		
	<append xpath="/items/item[@name='bookPistolPeteAPAmmo']">
		<property class="Action0"><property name="Create_item" value="bookPistolPeteAPAmmo"/></property></append>
	<append xpath="/items/item[@name='bookPistolPeteDamage']">
		<property class="Action0"><property name="Create_item" value="bookPistolPeteDamage"/></property></append>
	<append xpath="/items/item[@name='bookShotgunMessiahDamage']">
		<property class="Action0"><property name="Create_item" value="bookShotgunMessiahDamage"/></property></append>
	<append xpath="/items/item[@name='bookShotgunMessiahBreachingSlugs']">
		<property class="Action0"><property name="Create_item" value="bookShotgunMessiahBreachingSlugs"/></property></append>		
	<append xpath="/items/item[@name='bookShotgunMessiahLimbShot']">
		<property class="Action0"><property name="Create_item" value="bookShotgunMessiahLimbShot"/></property></append>
	<append xpath="/items/item[@name='bookShotgunMessiahSlugs']">
		<property class="Action0"><property name="Create_item" value="bookShotgunMessiahSlugs"/></property></append>		
	<append xpath="/items/item[@name='bookShotgunMessiahMaintenance']">
		<property class="Action0"><property name="Create_item" value="bookShotgunMessiahMaintenance"/></property></append>
	<append xpath="/items/item[@name='bookShotgunMessiahMagazine']">
		<property class="Action0"><property name="Create_item" value="bookShotgunMessiahMagazine"/></property></append>
	<append xpath="/items/item[@name='bookShotgunMessiahPartyStarter']">
		<property class="Action0"><property name="Create_item" value="bookShotgunMessiahPartyStarter"/></property></append>
	<append xpath="/items/item[@name='bookSniperDamage']">
		<property class="Action0"><property name="Create_item" value="bookSniperDamage"/></property></append>
	<append xpath="/items/item[@name='bookSniperCripplingShot']">
		<property class="Action0"><property name="Create_item" value="bookSniperCripplingShot"/></property></append>
	<append xpath="/items/item[@name='bookSniperHeadShot']">
		<property class="Action0"><property name="Create_item" value="bookSniperHeadShot"/></property></append>		
	<append xpath="/items/item[@name='bookSniperReload']">
		<property class="Action0"><property name="Create_item" value="bookSniperReload"/></property></append>
	<append xpath="/items/item[@name='bookSniperControlledBreathing']">
		<property class="Action0"><property name="Create_item" value="bookSniperControlledBreathing"/></property></append>
	<append xpath="/items/item[@name='bookSniperAPAmmo']">
		<property class="Action0"><property name="Create_item" value="bookSniperAPAmmo"/></property></append>
	<append xpath="/items/item[@name='bookSniperHPAmmo']">
		<property class="Action0"><property name="Create_item" value="bookSniperHPAmmo"/></property></append>		
	<append xpath="/items/item[@name='bookAutoWeaponsDamage']">
		<property class="Action0"><property name="Create_item" value="bookAutoWeaponsDamage"/></property></append>		
	<append xpath="/items/item[@name='bookAutoWeaponsUncontrolledBurst']">
		<property class="Action0"><property name="Create_item" value="bookAutoWeaponsUncontrolledBurst"/></property></append>
	<append xpath="/items/item[@name='bookAutoWeaponsMaintenance']">
		<property class="Action0"><property name="Create_item" value="bookAutoWeaponsMaintenance"/></property></append>
	<append xpath="/items/item[@name='bookAutoWeaponsDrumMag']">
		<property class="Action0"><property name="Create_item" value="bookAutoWeaponsDrumMag"/></property></append>
	<append xpath="/items/item[@name='bookAutoWeaponsRecoil']">
		<property class="Action0"><property name="Create_item" value="bookAutoWeaponsRecoil"/></property></append>
	<append xpath="/items/item[@name='bookAutoWeaponsRagdoll']">
		<property class="Action0"><property name="Create_item" value="bookAutoWeaponsRagdoll"/></property></append>
	<append xpath="/items/item[@name='bookAutoWeaponsMachineGuns']">
		<property class="Action0"><property name="Create_item" value="bookAutoWeaponsMachineGuns"/></property></append>		
	<append xpath="/items/item[@name='bookUrbanCombatLanding']">
		<property class="Action0"><property name="Create_item" value="bookUrbanCombatLanding"/></property></append>
	<append xpath="/items/item[@name='bookUrbanCombatCigar']">
		<property class="Action0"><property name="Create_item" value="bookUrbanCombatCigar"/></property></append>
	<append xpath="/items/item[@name='bookUrbanCombatSneaking']">
		<property class="Action0"><property name="Create_item" value="bookUrbanCombatSneaking"/></property></append>
	<append xpath="/items/item[@name='bookUrbanCombatJumping']">
		<property class="Action0"><property name="Create_item" value="bookUrbanCombatJumping"/></property></append>		
	<append xpath="/items/item[@name='bookUrbanCombatLandMines']">
		<property class="Action0"><property name="Create_item" value="bookUrbanCombatLandMines"/></property></append>
	<append xpath="/items/item[@name='bookUrbanCombatAdrenalineRush']">
		<property class="Action0"><property name="Create_item" value="bookUrbanCombatAdrenalineRush"/></property></append>		
	<append xpath="/items/item[@name='bookUrbanCombatRoomClearing']">
		<property class="Action0"><property name="Create_item" value="bookUrbanCombatRoomClearing"/></property></append>

	<append xpath="/items/item[@name='bookTechJunkie1Damage']">
		<property class="Action0"><property name="Create_item" value="bookTechJunkie1Damage"/></property></append>
	<append xpath="/items/item[@name='bookTechJunkie2Maintenance']">
		<property class="Action0"><property name="Create_item" value="bookTechJunkie2Maintenance"/></property></append>
	<append xpath="/items/item[@name='bookTechJunkie3APAmmo']">
		<property class="Action0"><property name="Create_item" value="bookTechJunkie3APAmmo"/></property></append>
	<append xpath="/items/item[@name='bookTechJunkie4Shells']">
		<property class="Action0"><property name="Create_item" value="bookTechJunkie4Shells"/></property></append>		
	<append xpath="/items/item[@name='bookTechJunkie5Repulsor']">
		<property class="Action0"><property name="Create_item" value="bookTechJunkie5Repulsor"/></property></append>
	<append xpath="/items/item[@name='bookTechJunkie6BatonCharge']">
		<property class="Action0"><property name="Create_item" value="bookTechJunkie6BatonCharge"/></property></append>		
	<append xpath="/items/item[@name='bookTechJunkie7Hydraulics']">
		<property class="Action0"><property name="Create_item" value="bookTechJunkie7Hydraulics"/></property></append>

	<append xpath="/items/item[@name='bookBarBrawling1BasicMoves']">
		<property class="Action0"><property name="Create_item" value="bookBarBrawling1BasicMoves"/></property></append>
	<append xpath="/items/item[@name='bookBarBrawling2DropABomb']">
		<property class="Action0"><property name="Create_item" value="bookBarBrawling2DropABomb"/></property></append>
	<append xpath="/items/item[@name='bookBarBrawling3KillerInstinct']">
		<property class="Action0"><property name="Create_item" value="bookBarBrawling3KillerInstinct"/></property></append>
	<append xpath="/items/item[@name='bookBarBrawling4FinishingMoves']">
		<property class="Action0"><property name="Create_item" value="bookBarBrawling4FinishingMoves"/></property></append>		
	<append xpath="/items/item[@name='bookBarBrawling5AdrenalineHealing']">
		<property class="Action0"><property name="Create_item" value="bookBarBrawling5AdrenalineHealing"/></property></append>
	<append xpath="/items/item[@name='bookBarBrawling6RageMode']">
		<property class="Action0"><property name="Create_item" value="bookBarBrawling6RageMode"/></property></append>		
	<append xpath="/items/item[@name='bookBarBrawling7BoozedUp']">
		<property class="Action0"><property name="Create_item" value="bookBarBrawling7BoozedUp"/></property></append>

	<append xpath="/items/item[@name='bookSpearHunter1Damage']">
		<property class="Action0"><property name="Create_item" value="bookSpearHunter1Damage"/></property></append>
	<append xpath="/items/item[@name='bookSpearHunter2Maintenance']">
		<property class="Action0"><property name="Create_item" value="bookSpearHunter2Maintenance"/></property></append>
	<append xpath="/items/item[@name='bookSpearHunter3SteelSpears']">
		<property class="Action0"><property name="Create_item" value="bookSpearHunter3SteelSpears"/></property></append>
	<append xpath="/items/item[@name='bookSpearHunter4StrongArm']">
		<property class="Action0"><property name="Create_item" value="bookSpearHunter4StrongArm"/></property></append>		
	<append xpath="/items/item[@name='bookSpearHunter5RapidStrike']">
		<property class="Action0"><property name="Create_item" value="bookSpearHunter5RapidStrike"/></property></append>
	<append xpath="/items/item[@name='bookSpearHunter6PuncturedLung']">
		<property class="Action0"><property name="Create_item" value="bookSpearHunter6PuncturedLung"/></property></append>		
	<append xpath="/items/item[@name='bookSpearHunter7QuickStrike']">
		<property class="Action0"><property name="Create_item" value="bookSpearHunter7QuickStrike"/></property></append>



		
</Configs>