<riles_fixes>
<remove xpath="/windows/window[@name='windowShapeBlocks']"/>
<remove xpath="/windows/window[@name='windowShapeInfo']"/>

<append xpath="/windows">
<window name="windowShapeInfo" controller="ShapeInfoWindow" width="830" height="275" panel="Center" normal_color="[iconColor]" cursor_area="true">
	<!--#$-IGS END.-$#-->
		<rect pos="0,0" >
			<panel name="header" pos="255,0" height="45"  depth="0" disableautobackground="true" >
				<sprite depth="1" name="headerbackground" sprite="ui_game_panel_header" globalopacity="false"/>
				<label style="header.name" text="{blockname}" width="800" pos="20,-5" /> <!-- text_key="xuiCreative"  -->
			</panel>

			
			<sprite depth="1" name="background" color="[mediumGrey]" type="sliced" pos="103,12" width="164" height="164" globalopacity="false"/>
			
			<sprite depth="8" name="backgroundMain" pos="100,15" width="170" height="170" sprite="menu_empty3px" color="[black]" type="sliced" fillcenter="false" globalopacity="false"/>

			<sprite depth="9" name="itemPreview" pos="116,2" width="144" height="144" atlas="ItemIconAtlas" sprite="{blockicon}" color="{blockicontint}" foregroundlayer="true" globalopacity="false"/>

		</rect>
	</window>	
	
<window name="windowShapeBlocks" controller="ShapesWindow" width="1357" height="730" panel="Center" normal_color="[iconColor]" cursor_area="true" >
	<!--#$-IGS END.-$#-->
		<rect pos="0,0">
		<panel name="header" height="43" depth="0" disableautobackground="true">
			<sprite depth="1" name="headerbackground" sprite="ui_game_panel_header"/>
			<sprite depth="2" name="windowicon" style="icon32px" pos="4,-5" sprite="ui_game_symbol_lightbulb"/>
			<label style="header.name" text="SHAPES" text_key="xuiShapes" width="400" />
			<label depth="2" name="resultCount" width="100" height="32" text="" font_size="32"
				justify="right" anchor_side="right" pivot="right" anchor_run_once="false" anchor_offset="-10,0"/>
				
			<rect depth="2" name="searchControls" width="597" height="43" pos="240,0">
				
				<panel pos="305,0" width="200" disableautobackground="true">
					<sprite depth="4" name="searchIcon" style="icon30px" pos="0,-22" sprite="ui_game_symbol_search" pivot="center"/>
					<creative_menu_search depth="5" name="searchInput"/>
				</panel>

				<panel pos="480,0" width="104" height="43" disableautobackground="true">
					<button depth="4" name="pageDown" style="icon30px, press" pos="20,-22" sprite="ui_game_symbol_arrow_left" pivot="center" sound="[paging_click]"/>
					<rect depth="4" name="background" pos="37,-7">
						<sprite name="background" style="icon30px" color="[black]" type="sliced" />
						<label depth="5" name="pageNumber" pos="0, -3" width="30" height="28" text="1" font_size="26" justify="center"/>
					</rect>
					<button depth="4" name="pageUp" style="icon30px, press" pos="84,-22" sprite="ui_game_symbol_arrow_right" pivot="center" sound="[paging_click]"/>
				</panel>
			</rect>	
				
				
		</panel>




		<grid depth="10" name="shapes" rows="9" cols="18" pos="3,-42" cell_width="75" cell_height="75" repeat_content="true" controller="ShapeStackGrid" >
			<shape_stack name="0"/>
		</grid>
		<sprite depth="8" name="backgroundMain" pos="0,-42" width="603" height="600" sprite="menu_empty3px" color="[black]" type="sliced" fillcenter="false" on_press="true" />
		</rect>
	</window>

	


</append>


</riles_fixes>




